q,I,sigma
1.137242179848101152e-03,7.435892349864272401e+06,3.717946174932136200e+05
6.107411678736468161e-03,3.945431210502124391e+06,1.972715605251062370e+05
1.107758106290797698e-02,1.798383068177453941e+06,8.991915340887270577e+04
1.604775023900811490e-02,9.459543850910739275e+05,4.729771925455369637e+04
2.101791911368238591e-02,4.902039512889073230e+05,2.451019756444536688e+04
2.598808759357423490e-02,2.996465498761579511e+05,1.498232749380789755e+04
3.095825558532993085e-02,2.095889248595357931e+05,1.047944624297679002e+04
3.592842299559301233e-02,1.211775427252548834e+05,6.058877136262744898e+03
4.089858973100912037e-02,8.155803924299456412e+04,4.077901962149728206e+03
4.586875569822401744e-02,5.704886098797497107e+04,2.852443049398748826e+03
5.083892080388142248e-02,4.292973911756414600e+04,2.146486955878207482e+03
5.580908495462721247e-02,3.286551380547043664e+04,1.643275690273521832e+03
6.077924805710735456e-02,2.647332614930243290e+04,1.323666307465121690e+03
6.574941001796585915e-02,2.149131818092989124e+04,1.074565909046494653e+03
7.071957074384890851e-02,1.781544797492408179e+04,8.907723987462040895e+02
7.568973014140277511e-02,1.528192772008310931e+04,7.640963860041555336e+02
8.065988811727181629e-02,1.356011296575401320e+04,6.780056482877007511e+02
8.563004457810260983e-02,1.196934150156178112e+04,5.984670750780891240e+02
9.060019943054180291e-02,1.044185029655000108e+04,5.220925148275000538e+02
9.557035258123419696e-02,9.498482900687158690e+03,4.749241450343579345e+02
1.005405039368267722e-01,8.533323137289691658e+03,4.266661568644846056e+02
1.055106534039667587e-01,7.796807046234722293e+03,3.898403523117361260e+02
1.104808008892993743e-01,7.258844931466102935e+03,3.629422465733051695e+02
1.154509462994728897e-01,6.673675761472292834e+03,3.336837880736146644e+02
1.204210895411329391e-01,6.389625039457454477e+03,3.194812519728727693e+02
1.253912305209274325e-01,5.750611756648599112e+03,2.875305878324299442e+02
1.303613691455046131e-01,5.512515107294488189e+03,2.756257553647243981e+02
1.353315053215106978e-01,5.282556226913459795e+03,2.641278113456730239e+02
1.403016389555942767e-01,4.964000020229733309e+03,2.482000010114866768e+02
1.452717699544042451e-01,4.640000000000000000e+03,2.320000000000000000e+02
1.502418982245875556e-01,4.360856988370031104e+03,2.180428494185015609e+02
1.552120236727936031e-01,4.201803765531134559e+03,2.100901882765567450e+02
1.601821462056720047e-01,4.114944269832460122e+03,2.057472134916230289e+02
1.651522657298697960e-01,3.851490717451841647e+03,1.925745358725920937e+02
1.701223821520392865e-01,3.658839126185411715e+03,1.829419563092706085e+02
1.750924953788281502e-01,3.506638127951903698e+03,1.753319063975951906e+02
1.800626053168878082e-01,3.355931555023516012e+03,1.677965777511758176e+02
1.850327118728679887e-01,3.242917066660963883e+03,1.621458533330481941e+02
1.900028149534186417e-01,3.164935507956373840e+03,1.582467753978187091e+02
1.949729144651914658e-01,3.069142200487683112e+03,1.534571100243841499e+02
1.999430103148379101e-01,2.974760200835705291e+03,1.487380100417852589e+02
2.049131024090102282e-01,2.859090126504841464e+03,1.429545063252420789e+02
2.098831906543585091e-01,2.779844701390142745e+03,1.389922350695071316e+02
2.148532749575385870e-01,2.680366987441518631e+03,1.340183493720759316e+02
2.198233552251990242e-01,2.554273561335458908e+03,1.277136780667729568e+02
2.247934313639965431e-01,2.531629377039466362e+03,1.265814688519733267e+02
2.297635032805825372e-01,2.387207035099657332e+03,1.193603517549828723e+02
2.347335708816123689e-01,2.325061104917229841e+03,1.162530552458615034e+02
2.397036340737389859e-01,2.351728365444156680e+03,1.175864182722078368e+02
2.446736927636178616e-01,2.356658773416497752e+03,1.178329386708248876e+02
2.496437468579048857e-01,2.230555936889801160e+03,1.115277968444900694e+02
2.546137962632541996e-01,2.134413613945913312e+03,1.067206806972956770e+02
2.595838408863233582e-01,2.120943150290530411e+03,1.060471575145265319e+02
2.645538806337668358e-01,2.069271079959090912e+03,1.034635539979545484e+02
2.695239154122441860e-01,2.028393702818775864e+03,1.014196851409387961e+02
2.744939451284108545e-01,1.952412915474955071e+03,9.762064577374775354e+01
2.794639696889261726e-01,1.903919137513314581e+03,9.519595687566572906e+01
2.844339890004477511e-01,1.939503691663689779e+03,9.697518458318450030e+01
2.894040029696332006e-01,1.964739410863551029e+03,9.823697054317756283e+01
2.943740115031445170e-01,1.924804973983111040e+03,9.624024869915555769e+01
2.993440145076397552e-01,1.842722664894342643e+03,9.213613324471714350e+01
3.043140118897804669e-01,1.909949105766976572e+03,9.549745528834883146e+01
3.092840035562255951e-01,1.871633149134857149e+03,9.358165745674286029e+01
3.142539894136402445e-01,1.786017577297975777e+03,8.930087886489879168e+01
3.192239693686819701e-01,1.806971726966276037e+03,9.034858634831380186e+01
3.241939433280171534e-01,1.788094787166077367e+03,8.940473935830387120e+01
3.291639111983066801e-01,1.833995861245015021e+03,9.169979306225076243e+01
3.341338728862149887e-01,1.639587132759098495e+03,8.197935663795493610e+01
3.391038282984069618e-01,1.686950544948599145e+03,8.434752724742996577e+01
3.440737773415463163e-01,1.652765645602436052e+03,8.263828228012181398e+01
3.490437199222997111e-01,1.687550485419230654e+03,8.437752427096154406e+01
3.540136559473319733e-01,1.673843987447725340e+03,8.369219937238626983e+01
3.589835853233111496e-01,1.554071758696647976e+03,7.770358793483239879e+01
3.639535079569025111e-01,1.666600905080975963e+03,8.333004525404879814e+01
3.689234237547768247e-01,1.570855658748934957e+03,7.854278293744675921e+01
3.738933326236004717e-01,1.554305740797967928e+03,7.771528703989839926e+01
3.788632344700435528e-01,1.568130367336234258e+03,7.840651836681172426e+01
3.838331292007766127e-01,1.553208229125971229e+03,7.766041145629856146e+01
3.888030167224688638e-01,1.560814536899918494e+03,7.804072684499593038e+01
3.937728969417929048e-01,1.537000000000000000e+03,7.685000000000000853e+01
3.987427697654193914e-01,1.548712535583735416e+03,7.743562677918677650e+01
4.037126351000221991e-01,1.471393359410125640e+03,7.356966797050628770e+01
4.086824928522728162e-01,1.488430652569872564e+03,7.442153262849363671e+01
4.136523429288478382e-01,1.512640256928545796e+03,7.563201284642728695e+01
4.186221852364201412e-01,1.518592261440683160e+03,7.592961307203415799e+01
4.235920196816664873e-01,1.510533733840554987e+03,7.552668669202775220e+01
4.285618461712617511e-01,1.486140665054774900e+03,7.430703325273874782e+01
4.335316646118836936e-01,1.514044247521483157e+03,7.570221237607415787e+01
4.385014749102107423e-01,1.459656335723209622e+03,7.298281678616048396e+01
4.434712769729198811e-01,1.467878800473511546e+03,7.339394002367558301e+01
4.484410707066920354e-01,1.484405322873874184e+03,7.422026614369370634e+01
4.534108560182056324e-01,1.400595363029796772e+03,7.002976815148984713e+01
4.583806328141423747e-01,1.454887006641740527e+03,7.274435033208702350e+01
4.633504010011837981e-01,1.391577377006247843e+03,6.957886885031238933e+01
4.683201604860132150e-01,1.434641098469969847e+03,7.173205492349849521e+01
4.732899111753124388e-01,1.418747441907645680e+03,7.093737209538228683e+01
4.782596529757662807e-01,1.478713939102953418e+03,7.393569695514767659e+01
4.832293857940603843e-01,1.474615370370198889e+03,7.373076851850994728e+01
4.881991095368790612e-01,1.371345995417595077e+03,6.856729977087975669e+01
4.931688241109104531e-01,1.439923842957530042e+03,7.199619214787649923e+01
4.981385294228405924e-01,1.446456161147914372e+03,7.232280805739571861e+01
5.031082253793586201e-01,1.380516913750795766e+03,6.902584568753978544e+01
5.080779118871537881e-01,1.481333338831038645e+03,7.406666694155192943e+01
5.130475888529169026e-01,1.412748447815755526e+03,7.063742239078777629e+01
5.180172561833373823e-01,1.390163551213561277e+03,6.950817756067806386e+01
5.229869137851088645e-01,1.425329780696179114e+03,7.126648903480895569e+01
5.279565615649227661e-01,1.465820170554516380e+03,7.329100852772582186e+01
5.329261994294733906e-01,1.472971718833221530e+03,7.364858594166108219e+01
5.378958272854562628e-01,1.426684602811960985e+03,7.133423014059805212e+01
5.428654450395655751e-01,1.470824061437590444e+03,7.354120307187952221e+01
5.478350525984988506e-01,1.484146583171892189e+03,7.420732915859461798e+01
5.528046498689538346e-01,1.520288252385370470e+03,7.601441261926852633e+01
5.577742367576280502e-01,1.381467306289971930e+03,6.907336531449860217e+01
5.627438131712214631e-01,1.485449392293309074e+03,7.427246961466545372e+01
5.677133790164354821e-01,1.515446562147559007e+03,7.577232810737795887e+01
5.726829341999694067e-01,1.473428592667001340e+03,7.367142963335007266e+01
5.776524786285281987e-01,1.504313495732428464e+03,7.521567478662142037e+01
5.826220122088134890e-01,1.462280438509245187e+03,7.311402192546226786e+01
5.875915348475313493e-01,1.511648221910818165e+03,7.558241109554090542e+01
5.925610464513862974e-01,1.587710381090026885e+03,7.938551905450134427e+01
5.975305469270841829e-01,1.504318651492006438e+03,7.521593257460033044e+01
6.025000361813335203e-01,1.477577114371800008e+03,7.387885571859000322e+01
6.074695141208428240e-01,1.497417757769925174e+03,7.487088788849625587e+01
6.124389806523226065e-01,1.529461180990186676e+03,7.647305904950933098e+01
6.174084356824814934e-01,1.557219152208757805e+03,7.786095761043789309e+01
6.223778791180346603e-01,1.548991817535349355e+03,7.744959087676747345e+01
6.273473108656912878e-01,1.538761603161652602e+03,7.693808015808264145e+01
6.323167308321685498e-01,1.576246423288918322e+03,7.881232116444591895e+01
6.372861389241796237e-01,1.607762854896411909e+03,8.038814274482059830e+01
6.422555350484425718e-01,1.575000000000000000e+03,7.875000000000000000e+01
6.472249191116725697e-01,1.584508057766354568e+03,7.922540288831773125e+01
6.521942910205903443e-01,1.583335486528623278e+03,7.916677432643116674e+01
6.571636506819137358e-01,1.673100975882504827e+03,8.365504879412524986e+01
6.621329980023643591e-01,1.659915579958665376e+03,8.299577899793327163e+01
6.671023328886648285e-01,1.695143097678346749e+03,8.475715488391733743e+01
6.720716552475364258e-01,1.697868118434754479e+03,8.489340592173772393e+01
6.770409649857058731e-01,1.760966844384043952e+03,8.804834221920219761e+01
6.820102620098972279e-01,1.685613043681151112e+03,8.428065218405755843e+01
6.869795462268377673e-01,1.738501987986171571e+03,8.692509939930857854e+01
6.919488175432554344e-01,1.810784407020165872e+03,9.053922035100829646e+01
6.969180758658773955e-01,1.831616131814542996e+03,9.158080659072714980e+01
7.018873211014371449e-01,1.919945008394978231e+03,9.599725041974892292e+01
7.068565531566640692e-01,1.845818980937425067e+03,9.229094904687126188e+01
7.118257719382922177e-01,1.826294309781049151e+03,9.131471548905246038e+01
7.167949773530536417e-01,1.936808086501996968e+03,9.684040432509985408e+01
7.217641693076871645e-01,1.950575724491747451e+03,9.752878622458737823e+01
7.267333477089251703e-01,2.085433979785795145e+03,1.042716989892897601e+02
7.317025124635088140e-01,1.868940621210512973e+03,9.344703106052566000e+01
7.366716634781754758e-01,2.056093209374119851e+03,1.028046604687060039e+02
7.416408006596659774e-01,1.982769596888942942e+03,9.913847984444714712e+01
7.466099239147226951e-01,2.064877013670459291e+03,1.032438506835229646e+02
7.515790331500872279e-01,2.073133783603332631e+03,1.036566891801666372e+02
7.565481282725056156e-01,2.084447945211248680e+03,1.042223972605624454e+02
7.615172091887218997e-01,2.196893520193268159e+03,1.098446760096634165e+02
7.664862758054843406e-01,2.147556221350551368e+03,1.073778110675275741e+02
7.714553280295395332e-01,2.217035762306911693e+03,1.108517881153455846e+02
7.764243657676397348e-01,2.249922912548681325e+03,1.124961456274340748e+02
8.310827981454028679e-01,2.485560806887621311e+03,1.242780403443810684e+02
8.360516547790045605e-01,2.434926786336484838e+03,1.217463393168242476e+02
8.410204957145226423e-01,2.370747387575368066e+03,1.185373693787684033e+02
8.459893208587274671e-01,2.446380007349314383e+03,1.223190003674657191e+02
8.509581301183885005e-01,2.469672622363798382e+03,1.234836311181899191e+02
8.559269234002796489e-01,2.501454980052029896e+03,1.250727490026014976e+02
8.608957006111735977e-01,2.473355929506116809e+03,1.236677964753058490e+02
8.658644616578462516e-01,2.542227695969949309e+03,1.271113847984974683e+02
8.708332064470749589e-01,2.478930095916737628e+03,1.239465047958368871e+02
8.758019348856386221e-01,2.411168120690485466e+03,1.205584060345242818e+02
8.807706468803162547e-01,2.450357158658842764e+03,1.225178579329421495e+02
8.857393423378899788e-01,2.397764922653509529e+03,1.198882461326754765e+02
8.907080211651436930e-01,2.465000000000000000e+03,1.232500000000000000e+02
8.956766832688608515e-01,2.399194111102964598e+03,1.199597055551482327e+02
9.006453285558290167e-01,2.286412648219606581e+03,1.143206324109803376e+02
9.056139569328345296e-01,2.306166288347696081e+03,1.153083144173848069e+02
9.105825683066680609e-01,2.297542132824041346e+03,1.148771066412020758e+02
9.155511625841199486e-01,2.315248535322006774e+03,1.157624267661003472e+02
9.205197396719841940e-01,2.300430365591774716e+03,1.150215182795887472e+02
9.254882994770533555e-01,2.283668885687922284e+03,1.141834442843961170e+02
9.304568419061246543e-01,2.205473673985690311e+03,1.102736836992845184e+02
9.354253668659945342e-01,2.149689105637048215e+03,1.074844552818524193e+02
9.403938742634625481e-01,2.136785787360275208e+03,1.068392893680137661e+02
9.453623640053304689e-01,2.071444042885168528e+03,1.035722021442584264e+02
9.503308359983991815e-01,2.050258045968669649e+03,1.025129022984334881e+02
9.552992901494736788e-01,2.104118842643936659e+03,1.052059421321968387e+02
9.602677263653605078e-01,1.942006221939422176e+03,9.710031109697111162e+01
9.652361445528655493e-01,1.897057762602669982e+03,9.485288813013350762e+01
9.702045446187986810e-01,1.826048404066977810e+03,9.130242020334890185e+01
9.751729264699718902e-01,1.906458746861296504e+03,9.532293734306483657e+01
9.801412900131959427e-01,1.822257810165369847e+03,9.111289050826849234e+01
9.851096351552868224e-01,1.737622303495509414e+03,8.688111517477547352e+01
9.900779618030581819e-01,1.707864192211108502e+03,8.539320961055543080e+01
9.950462698633308900e-01,1.666683848698264001e+03,8.333419243491320572e+01
1.000014559242923040e+00,1.640843117919328506e+03,8.204215589596643099e+01
1.004982829848654280e+00,1.578586341789719199e+03,7.892931708948596281e+01
1.009951081587350918e+00,1.577069367001247429e+03,7.885346835006237143e+01
1.014919314365835268e+00,1.460381113363485611e+03,7.301905566817428905e+01
1.019887528090934525e+00,1.484599981540892486e+03,7.422999907704462430e+01
1.024855722669477442e+00,1.434587507520380768e+03,7.172937537601903557e+01
1.029823898008295213e+00,1.400799094669621809e+03,7.003995473348109613e+01
1.034792054014216145e+00,1.351524494777457221e+03,6.757622473887286674e+01
1.039760190594079647e+00,1.276674308970381389e+03,6.383371544851907231e+01
1.044728307654715360e+00,1.301636234831209322e+03,6.508181174156047177e+01
1.049696405102964913e+00,1.204761184485879539e+03,6.023805922429397697e+01
1.054664482845666607e+00,1.254107143240232745e+03,6.270535716201163723e+01
1.059632540789659405e+00,1.223958992287396541e+03,6.119794961436983272e+01
1.064600578841789602e+00,1.154644188411068171e+03,5.773220942055340998e+01
1.069568596908899938e+00,1.135517774369565586e+03,5.677588871847828500e+01
1.074536594897837594e+00,1.078050401338661231e+03,5.390252006693306441e+01
1.079504572715451527e+00,1.046661583257348184e+03,5.233307916286741346e+01
1.084472530268592694e+00,1.008290702245903162e+03,5.041453511229516238e+01
1.089440467464111606e+00,9.931398409075455902e+02,4.965699204537727951e+01
1.094408384208866325e+00,9.917457796445875147e+02,4.958728898222938142e+01
1.099376280409708695e+00,9.145295782736161527e+02,4.572647891368080764e+01
1.104344155973498998e+00,9.012640736494050770e+02,4.506320368247025954e+01
1.109312010807097737e+00,8.876607792639870240e+02,4.438303896319935404e+01
1.114279844817364973e+00,7.651570447135090944e+02,3.825785223567545756e+01
1.119247657911167648e+00,7.204490453150829126e+02,3.602245226575414705e+01
1.124215449995369376e+00,8.099780995568653452e+02,4.049890497784326726e+01
1.129183220976839097e+00,7.528462810680164239e+02,3.764231405340082404e+01
1.134150970762446420e+00,7.610822411338859865e+02,3.805411205669430075e+01
1.139118699259063838e+00,6.880000000000000000e+02,3.439999999999999858e+01
1.144086406373563625e+00,6.804107263027748331e+02,3.402053631513874166e+01
1.149054092012824491e+00,6.838802061075208485e+02,3.419401030537604669e+01
1.154021756083722483e+00,6.632059832365790726e+02,3.316029916182895221e+01
1.158989398493136314e+00,6.538821717162471714e+02,3.269410858581235857e+01
1.163957019147952243e+00,6.260194845742691996e+02,3.130097422871346069e+01
1.168924617955048983e+00,5.664465337242328360e+02,2.832232668621164251e+01
1.173892194821316570e+00,5.623561489503101711e+02,2.811780744751550998e+01
1.178859749653640376e+00,5.927494550097580941e+02,2.963747275048790542e+01
1.183827282358912214e+00,5.468260860788407172e+02,2.734130430394203870e+01
1.188794792844024117e+00,5.311903126517820510e+02,2.655951563258910397e+01
1.193762281015871007e+00,5.036226827183027126e+02,2.518113413591513705e+01
1.198729746781347805e+00,5.073115106019551490e+02,2.536557553009775745e+01
1.203697190047354093e+00,5.087517614123640328e+02,2.543758807061820448e+01
1.208664610720791011e+00,4.946189758064511466e+02,2.473094879032255733e+01
1.213632008708559251e+00,4.764097083458635211e+02,2.382048541729317748e+01
1.218599383917568169e+00,4.789864847593413515e+02,2.394932423796706900e+01
1.223566736254717791e+00,4.808181087183679665e+02,2.404090543591840046e+01
1.228534065626924354e+00,4.644116060294671797e+02,2.322058030147336183e+01
1.233501371941094771e+00,4.279811144016284175e+02,2.139905572008142087e+01
1.238468655104144167e+00,4.303304362621341852e+02,2.151652181310670997e+01
1.243435915022987892e+00,4.033589807447522162e+02,2.016794903723761223e+01
1.248403151604544181e+00,4.025749367781661476e+02,2.012874683890830951e+01
1.253370364755732380e+00,3.944515934772277888e+02,1.972257967386138944e+01
1.258337554383475165e+00,4.004603281352223121e+02,2.002301640676111560e+01
1.263304720394697656e+00,3.749311426988975882e+02,1.874655713494487941e+01
1.268271862696324304e+00,3.402555174886153964e+02,1.701277587443076911e+01
1.273238981195287112e+00,3.386942758008423198e+02,1.693471379004211741e+01
1.278206075798514751e+00,3.413663224692027143e+02,1.706831612346013571e+01
1.283173146412941446e+00,3.514760993867172374e+02,1.757380496933586400e+01
1.288140192945504303e+00,3.556753720884700556e+02,1.778376860442350349e+01
1.293107215303137547e+00,3.454947212156488376e+02,1.727473606078244117e+01
1.298074213392784726e+00,3.133645987060364178e+02,1.566822993530182195e+01
1.303041187121387168e+00,3.033606882614208757e+02,1.516803441307104450e+01
1.308008136395888421e+00,3.073691029427450303e+02,1.536845514713725258e+01
1.312975061123236697e+00,3.256265846772239456e+02,1.628132923386119657e+01
1.317941961210381541e+00,2.998196803352416282e+02,1.499098401676208248e+01
1.322908836564272494e+00,2.654860298218124512e+02,1.327430149109062363e+01
1.327875687091866874e+00,2.893445568498417515e+02,1.446722784249208793e+01
1.332842512700117776e+00,2.907728425856745957e+02,1.453864212928372979e+01
1.337809313295985625e+00,2.811467697621870911e+02,1.405733848810935527e+01
1.342776088786431510e+00,2.767131044720064210e+02,1.383565522360032141e+01
1.347742839078416965e+00,2.847553529932515630e+02,1.423776764966257957e+01
1.352709564078908855e+00,2.843314131397126516e+02,1.421657065698563294e+01
1.357676263694876484e+00,2.560329378241936524e+02,1.280164689120968369e+01
1.362642937833286716e+00,2.520682867679425669e+02,1.260341433839712977e+01
1.367609586401115962e+00,2.659891576967759192e+02,1.329945788483879632e+01
1.372576209305337969e+00,2.644778972199268878e+02,1.322389486099634581e+01
1.377542806452928703e+00,2.332241899078288441e+02,1.166120949539144291e+01
1.382509377750871016e+00,2.515664371634661336e+02,1.257832185817330739e+01
1.387475923106145315e+00,2.340000000000000000e+02,1.170000000000000107e+01
1.392442442425737781e+00,2.095733359342471829e+02,1.047866679671236056e+01
1.397408935616634373e+00,2.342111683205474435e+02,1.171055841602737324e+01
1.402375402585826825e+00,2.437748963288798620e+02,1.218874481644399310e+01
1.407341843240305312e+00,2.169451451001979478e+02,1.084725725500989846e+01
1.412308257487066232e+00,2.263619423810025069e+02,1.131809711905012605e+01
1.417274645233104868e+00,2.176051792573088903e+02,1.088025896286544558e+01
1.422241006385422057e+00,2.296417983556862623e+02,1.148208991778431454e+01
1.427207340851021078e+00,2.161394950706232976e+02,1.080697475353116488e+01
1.432173648536902544e+00,2.101783678213240307e+02,1.050891839106620296e+01
1.437139929350079059e+00,2.079055756285652308e+02,1.039527878142826189e+01
1.442106183197556124e+00,2.001123596003943703e+02,1.000561798001971958e+01
1.447072409986347230e+00,2.030060943555896529e+02,1.015030471777948406e+01
1.452038609623467424e+00,1.937344754464730272e+02,9.686723772323652781e+00
1.457004782015934641e+00,2.131694673487775731e+02,1.065847336743888008e+01
1.461970927070766813e+00,1.953154060702197796e+02,9.765770303510990402e+00
1.466937044694988312e+00,2.061911714812266609e+02,1.030955857406133447e+01
1.471903134795622403e+00,2.100417508279629999e+02,1.050208754139815071e+01
1.476869197279696566e+00,1.710934749176155094e+02,8.554673745880775115e+00
1.481835232054244056e+00,1.829049414281732595e+02,9.145247071408663331e+00
1.486801239026293464e+00,1.773060143929704395e+02,8.865300719648521621e+00
1.491767218102882930e+00,1.829264734259081422e+02,9.146323671295407465e+00
1.496733169191049928e+00,1.688985745228463031e+02,8.444928726142315156e+00
1.501699092197833263e+00,1.934035748654681299e+02,9.670178743273407207e+00
1.506664987030279068e+00,2.034657416116979221e+02,1.017328708058489717e+01
1.511630853595430368e+00,1.921427217234330556e+02,9.607136086171653488e+00
1.516596691800337293e+00,1.670123004445819106e+02,8.350615022229096240e+00
1.521562501552050417e+00,1.800757364269563539e+02,9.003786821347818048e+00
1.526528282757624089e+00,1.573329597563426887e+02,7.866647987817135146e+00
1.531494035324113545e+00,1.770697021367884645e+02,8.853485106839423580e+00
1.536459759158580907e+00,1.487787078518771864e+02,7.438935392593859497e+00
1.541425454168084075e+00,1.683550020324611580e+02,8.417750101623058256e+00
1.546391120259691165e+00,1.567819788547009807e+02,7.839098942735049036e+00
1.551356757340466741e+00,1.577451765219697393e+02,7.887258826098487496e+00
1.556322365317482470e+00,1.507459718738035122e+02,7.537298593690175963e+00
1.561287944097810909e+00,1.527743214383835664e+02,7.638716071919178674e+00
1.566253493588527723e+00,1.763055006366697910e+02,8.815275031833490260e+00
1.571219013696709021e+00,1.707531123977101970e+02,8.537655619885510916e+00
1.576184504329438685e+00,1.617561915060110778e+02,8.087809575300553888e+00
1.581149965393799484e+00,1.541356979482021359e+02,7.706784897410106971e+00
1.586115396796876187e+00,1.559516226877309180e+02,7.797581134386546431e+00
1.591080798445761557e+00,1.434670575688083716e+02,7.173352878440418579e+00
1.596046170247543472e+00,1.595972543655468030e+02,7.979862718277340505e+00
1.601011512109319801e+00,1.495383514753997929e+02,7.476917573769990000e+00
1.605976823938188858e+00,1.426656598760115742e+02,7.133282993800579064e+00
1.610942105641247402e+00,1.387505928758030791e+02,6.937529643790154132e+00
1.615907357125602406e+00,1.547925639814188230e+02,7.739628199070941683e+00
1.620872578298358180e+00,1.447752480246940081e+02,7.238762401234700938e+00
1.625837769066624139e+00,1.482226995069373459e+02,7.411134975346867826e+00
1.630802929337511920e+00,1.301279117603330633e+02,6.506395588016653520e+00
1.635768059018138265e+00,1.290000000000000000e+02,6.450000000000000178e+00
1.640733158015615922e+00,1.400715606710640486e+02,7.003578033553202964e+00
1.645698226237071182e+00,1.389280838099477933e+02,6.946404190497389664e+00
1.650663263589622787e+00,1.268676459292258443e+02,6.343382296461292924e+00
1.655628269980399025e+00,1.410793111393296897e+02,7.053965556966485195e+00
1.660593245316530187e+00,1.285317159057798904e+02,6.426585795288994873e+00
1.665558189505144560e+00,1.420316707632318867e+02,7.101583538161595044e+00
1.670523102453380648e+00,1.130972696395456154e+02,5.654863481977280948e+00
1.675487984068374514e+00,1.231661049247963859e+02,6.158305246239820008e+00
1.680452834257267103e+00,1.285465106910864392e+02,6.427325534554322317e+00
1.685417652927202692e+00,1.273072762256554569e+02,6.365363811282772843e+00
1.690382439985328444e+00,1.069927909314088339e+02,5.349639546570442050e+00
1.695347195338791968e+00,1.259207806428789240e+02,6.296039032143946557e+00
1.700311918894748864e+00,1.178181519883405741e+02,5.890907599417029239e+00
1.705276610560352957e+00,1.118158890207520955e+02,5.590794451037605306e+00
1.710241270242761846e+00,1.164073463349213711e+02,5.820367316746068553e+00
1.715205897849141126e+00,9.618498118947562148e+01,4.809249059473781784e+00
1.720170493286649949e+00,1.038623348073464996e+02,5.193116740367325512e+00
1.725135056462459904e+00,1.096006474784751248e+02,5.480032373923756417e+00
1.730099587283739249e+00,1.085553846823279400e+02,5.427769234116397001e+00
1.735064085657663790e+00,9.586888699785497181e+01,4.793444349892748590e+00
1.740028551491408448e+00,1.069291276282874463e+02,5.346456381414372849e+00
1.744992984692154803e+00,1.077628680984984157e+02,5.388143404924921498e+00
1.749957385167083102e+00,9.977253589352675078e+01,4.988626794676338072e+00
1.754921752823382031e+00,1.194985377950366825e+02,5.974926889751834835e+00
1.759886087568239166e+00,1.052435150920405817e+02,5.262175754602029798e+00
1.764850389308845635e+00,1.104315280745152990e+02,5.521576403725765303e+00
1.769814657952398784e+00,1.173531030246066820e+02,5.867655151230334098e+00
1.774778893406095515e+00,1.072765762952816573e+02,5.363828814764083575e+00
1.779743095577137169e+00,1.145477122758810253e+02,5.727385613794051977e+00
1.784707264372727309e+00,9.019614018007732170e+01,4.509807009003866440e+00
1.789671399700075494e+00,9.547149002958116171e+01,4.773574501479058263e+00
1.794635501466391059e+00,1.034394238733171676e+02,5.171971193665858557e+00
1.799599569578888669e+00,8.743488164841730281e+01,4.371744082420865318e+00
1.804563603944783878e+00,9.584662749256258962e+01,4.792331374628129304e+00
1.809527604471298901e+00,9.442981369650374290e+01,4.721490684825186968e+00
1.814491571065656617e+00,1.026325343555600114e+02,5.131626717778001279e+00
1.819455503635081239e+00,9.343509995682289571e+01,4.671754997841144785e+00
1.824419402086805642e+00,8.678213131002254954e+01,4.339106565501127832e+00
1.829383266328060920e+00,8.004191271594096690e+01,4.002095635797048523e+00
1.834347096266085275e+00,9.037485113944033799e+01,4.518742556972017432e+00
1.839310891808112913e+00,8.679455286612011378e+01,4.339727643306005689e+00
1.844274652861392694e+00,9.462551250342416154e+01,4.731275625171208254e+00
1.849238379333166593e+00,9.825152332448047332e+01,4.912576166224024377e+00
1.854202071130684137e+00,9.177934824368733757e+01,4.588967412184366879e+00
1.859165728161198405e+00,9.028359333981994439e+01,4.514179666990997042e+00
1.864129350331964918e+00,8.668240716071665020e+01,4.334120358035832510e+00
1.869092937550241862e+00,8.910335187831685744e+01,4.455167593915843050e+00
1.874056489723290087e+00,8.440368347199695620e+01,4.220184173599847988e+00
1.879020006758377992e+00,8.487903082424806200e+01,4.243951541212402923e+00
1.883983488562771536e+00,7.800000000000000000e+01,3.900000000000000355e+00
1.888946935043743558e+00,1.070433975415764536e+02,5.352169877078822857e+00
1.893910346108569565e+00,8.386596572718268305e+01,4.193298286359134153e+00
1.898873721664528169e+00,1.005491186942806934e+02,5.027455934714034846e+00
1.903837061618901316e+00,7.294975405901621457e+01,3.647487702950810817e+00
1.908800365878972061e+00,8.916856347507835778e+01,4.458428173753918422e+00
1.913763634352033005e+00,7.199254932699489018e+01,3.599627466349744509e+00
1.918726866945372533e+00,7.720226666735899812e+01,3.860113333367950261e+00
1.923690063566287245e+00,7.295484341417626695e+01,3.647742170708813347e+00
1.928653224122074628e+00,7.806568223878036861e+01,3.903284111939018697e+00
1.933616348520039052e+00,9.760981633985318240e+01,4.880490816992659298e+00
1.938579436667483558e+00,7.506870137054811210e+01,3.753435068527405605e+00
1.943542488471718066e+00,9.174237737773087531e+01,4.587118868886544298e+00
1.948505503840054498e+00,7.580612344738104014e+01,3.790306172369052096e+00
1.953468482679808993e+00,6.699690043589325228e+01,3.349845021794662703e+00
1.958431424898299689e+00,8.064913898770423373e+01,4.032456949385212042e+00
1.963394330402849164e+00,6.436815500326679285e+01,3.218407750163339909e+00
1.968357199100784216e+00,7.841953696395968620e+01,3.920976848197984310e+00
1.973320030899433863e+00,5.716062396072049978e+01,2.858031198036025344e+00
1.978282825706129122e+00,8.185785264572290032e+01,4.092892632286145194e+00
1.983245583428208780e+00,6.714887199145918828e+01,3.357443599572959680e+00
1.988208303973010738e+00,7.482750060304320527e+01,3.741375030152160441e+00
1.993170987247878667e+00,7.431672983516611453e+01,3.715836491758305993e+00
1.998133633160159350e+00,6.336096067397372167e+01,3.168048033698686261e+00
2.003096241617203344e+00,6.786242205786626869e+01,3.393121102893313701e+00
2.008058812526364090e+00,7.136128481534093737e+01,3.568064240767046869e+00
2.013021345794998140e+00,7.045229187068184729e+01,3.522614593534092453e+00
2.017983841330467154e+00,6.438359192329603786e+01,3.219179596164801982e+00
2.022946299040135454e+00,7.692390506583781473e+01,3.846195253291890825e+00
2.027908718831369139e+00,5.846196861622513552e+01,2.923098430811256865e+00
2.032871100611541415e+00,5.987100832680097540e+01,2.993550416340049036e+00
2.037833444288026374e+00,6.284783306237900291e+01,3.142391653118950412e+00
2.042795749768203883e+00,7.255337942227954784e+01,3.627668971113977570e+00
2.047758016959453364e+00,6.845463206127669764e+01,3.422731603063835060e+00
2.052720245769161789e+00,7.770652925047835424e+01,3.885326462523917890e+00
2.057682436104718349e+00,5.000700386009908271e+01,2.500350193004954313e+00
2.062644587873516233e+00,7.174008696221507364e+01,3.587004348110753860e+00
2.067606700982951295e+00,7.361249104328652493e+01,3.680624552164326602e+00
2.072568775340422942e+00,6.686187887188226853e+01,3.343093943594113604e+00
2.077530810853337240e+00,7.187603235280255376e+01,3.593801617640127954e+00
2.082492807429098924e+00,5.906428736394327217e+01,2.953214368197163875e+00
2.087454764975119392e+00,6.308954907388130096e+01,3.154477453694065403e+00
2.092416683398814925e+00,5.387391253023116633e+01,2.693695626511558583e+00
2.097378562607602248e+00,6.814482067233025475e+01,3.407241033616513093e+00
2.102340402508902528e+00,6.253269018824839520e+01,3.126634509412419938e+00
2.107302203010143593e+00,6.679403847500040570e+01,3.339701923750020285e+00
2.112263964018754603e+00,6.658548349974019231e+01,3.329274174987009616e+00
2.117225685442166494e+00,6.365035050434345010e+01,3.182517525217172683e+00
2.122187367187816864e+00,5.110801984085662042e+01,2.555400992042831110e+00
2.127149009163146420e+00,6.758386015616106590e+01,3.379193007808053650e+00
2.132110611275599865e+00,6.300000000000000000e+01,3.150000000000000355e+00
2.137072173432622790e+00,6.185399821585323821e+01,3.092699910792662266e+00
2.142033695541668781e+00,6.906795017498045297e+01,3.453397508749022737e+00
2.146995177510192754e+00,5.641875021837286397e+01,2.820937510918643198e+00
2.151956619245654512e+00,4.740999416386122789e+01,2.370499708193061661e+00
2.156918020655514745e+00,5.318416121253778073e+01,2.659208060626889303e+00
2.161879381647243026e+00,6.174424863194796131e+01,3.087212431597398332e+00
2.166840702128308038e+00,6.619720704502393005e+01,3.309860352251196680e+00
2.171801982006182907e+00,7.234251260327233979e+01,3.617125630163616989e+00
2.176763221188347863e+00,5.890547202992716080e+01,2.945273601496358307e+00
2.181724419582283581e+00,5.244170534282021379e+01,2.622085267141010867e+00
2.186685577095476507e+00,6.797147455989863829e+01,3.398573727994932181e+00
2.191646693635413978e+00,5.016524747294860731e+01,2.508262373647430543e+00
2.196607769109591324e+00,5.526695390715969580e+01,2.763347695357984968e+00
2.201568803425504761e+00,5.597438734538119576e+01,2.798719367269059788e+00
2.206529796490656281e+00,6.226843979956942121e+01,3.113421989978471416e+00
2.211490748212547874e+00,6.027689499828731812e+01,3.013844749914365906e+00
2.216451658498692190e+00,4.742366942001279995e+01,2.371183471000640086e+00
2.221412527256600100e+00,5.854603651718601753e+01,2.927301825859300877e+00
2.226373354393786030e+00,5.162299219601805333e+01,2.581149609800903022e+00
2.231334139817773732e+00,5.925709451118630255e+01,2.962854725559315394e+00
2.236294883436085179e+00,5.451232663291675351e+01,2.725616331645837942e+00
2.241255585156250341e+00,6.087284596163743089e+01,3.043642298081871811e+00
2.246216244885797408e+00,5.739486599017472912e+01,2.869743299508736634e+00
2.251176862532268341e+00,4.921327568322473667e+01,2.460663784161237100e+00
2.256137438003197992e+00,6.351260474996391281e+01,3.175630237498195729e+00
2.261097971206132318e+00,6.080188437375589672e+01,3.040094218687794836e+00
2.266058462048618605e+00,6.456179805405962213e+01,3.228089902702981462e+00
2.271018910438209026e+00,4.656124474787496581e+01,2.328062237393748291e+00
2.275979316282460196e+00,5.285726233524877671e+01,2.642863116762439013e+00
2.280939679488929173e+00,6.615124380603030829e+01,3.307562190301515770e+00
2.285899999965182783e+00,5.668923808968700939e+01,2.834461904484350647e+00
2.290860277618786967e+00,5.477873765221771407e+01,2.738936882610885970e+00
2.295820512357313881e+00,5.325066275018014039e+01,2.662533137509007108e+00
2.300780704088338346e+00,5.210241140993985454e+01,2.605120570496993082e+00
2.305740852719442291e+00,5.315659448860956360e+01,2.657829724430478269e+00
2.310700958158208085e+00,4.956311915078629937e+01,2.478155957539315057e+00
2.315661020312222984e+00,4.994865264002993399e+01,2.497432632001496788e+00
2.320621039089080906e+00,4.728319610138866835e+01,2.364159805069433684e+00
2.325581014396375323e+00,6.578316697893450282e+01,3.289158348946725319e+00
2.330540946141708147e+00,3.309557305616515777e+01,1.654778652808257977e+00
2.335500834232680401e+00,5.589182295363971065e+01,2.794591147681985799e+00
2.340460678576905096e+00,5.468601253955472430e+01,2.734300626977736570e+00
2.345420479081990806e+00,4.849026224655757034e+01,2.424513112327878694e+00
2.350380235655554539e+00,5.188185481951484945e+01,2.594092740975742828e+00
2.355339948205216860e+00,4.871194369178750350e+01,2.435597184589375352e+00
2.360299616638604103e+00,4.060187665685908343e+01,2.030093832842954082e+00
2.365259240863342161e+00,5.733740122566870667e+01,2.866870061283435689e+00
2.370218820787064917e+00,5.259089427054104959e+01,2.629544713527052657e+00
2.375178356317410699e+00,4.986911325851664856e+01,2.493455662925832428e+00
2.380137847362018721e+00,5.200000000000000000e+01,2.600000000000000089e+00
