epoch,step,total_steps,global_step,loss
1,20,1407,20,15.02061
1,40,1407,40,27.75179
1,60,1407,60,50.9236
1,80,1407,80,34.14827
1,100,1407,100,20.19464
1,120,1407,120,11.79576
1,140,1407,140,11.51939
1,160,1407,160,-1.24197
1,180,1407,180,-1.59413
1,200,1407,200,-1.69495
1,220,1407,220,-1.68554
1,240,1407,240,-1.92441
1,260,1407,260,-1.85706
1,280,1407,280,-1.99326
1,300,1407,300,-2.12198
1,320,1407,320,-2.06885
1,340,1407,340,-1.94205
1,360,1407,360,-2.1423
1,380,1407,380,-1.87645
1,400,1407,400,-2.30328
1,420,1407,420,-2.1871
1,440,1407,440,-2.16115
1,460,1407,460,-2.21436
1,480,1407,480,-1.99544
1,500,1407,500,-2.22081
1,520,1407,520,-2.2039
1,540,1407,540,-1.9657
1,560,1407,560,-2.26206
1,580,1407,580,16.10448
1,600,1407,600,-2.29647
1,620,1407,620,-2.21121
1,640,1407,640,-2.11185
1,660,1407,660,5.83363
1,680,1407,680,-2.23742
1,700,1407,700,-2.16273
1,720,1407,720,-2.05277
1,740,1407,740,-2.37027
1,760,1407,760,4.63027
1,780,1407,780,-2.08018
1,800,1407,800,-2.2899
1,820,1407,820,-2.28566
1,840,1407,840,11.65604
1,860,1407,860,-2.23802
1,880,1407,880,-2.18256
1,900,1407,900,-2.24202
1,920,1407,920,-2.24118
1,940,1407,940,-2.12437
1,960,1407,960,-2.30359
1,980,1407,980,-2.25949
1,1000,1407,1000,-2.12708
1,1020,1407,1020,-2.20445
1,1040,1407,1040,-2.30947
1,1060,1407,1060,-2.19114
1,1080,1407,1080,-2.38504
1,1100,1407,1100,-2.26668
1,1120,1407,1120,-2.13743
1,1140,1407,1140,-2.34321
1,1160,1407,1160,-2.45222
1,1180,1407,1180,-1.6047
1,1200,1407,1200,-1.30781
1,1220,1407,1220,-2.12946
1,1240,1407,1240,-2.50062
1,1260,1407,1260,-2.44066
1,1280,1407,1280,-2.21674
1,1300,1407,1300,-2.36497
1,1320,1407,1320,-2.3598
1,1340,1407,1340,-2.61876
1,1360,1407,1360,-2.39791
1,1380,1407,1380,-2.32401
1,1400,1407,1400,-2.34788
1,1407,1407,1407,-2.3086
2,20,1407,1427,-2.30558
2,40,1407,1447,-2.34074
2,60,1407,1467,-2.37308
2,80,1407,1487,-2.45613
2,100,1407,1507,-2.55233
2,120,1407,1527,-2.43117
2,140,1407,1547,-2.40359
2,160,1407,1567,11.28537
2,180,1407,1587,-2.53064
2,200,1407,1607,-2.56606
2,220,1407,1627,-2.24288
2,240,1407,1647,-2.52533
2,260,1407,1667,-2.48399
2,280,1407,1687,-2.51538
2,300,1407,1707,-2.19756
2,320,1407,1727,-2.5261
2,340,1407,1747,2.10269
2,360,1407,1767,-2.86182
2,380,1407,1787,-2.38283
2,400,1407,1807,-2.51985
2,420,1407,1827,-2.43533
2,440,1407,1847,-2.74554
2,460,1407,1867,-2.74036
2,480,1407,1887,-2.36456
2,500,1407,1907,-2.52533
2,520,1407,1927,-2.52226
2,540,1407,1947,-2.44221
2,560,1407,1967,-2.6832
2,580,1407,1987,-2.22445
2,600,1407,2007,-2.68993
2,620,1407,2027,-2.74512
2,640,1407,2047,-2.28031
2,660,1407,2067,-2.76932
2,680,1407,2087,2.24559
2,700,1407,2107,-2.74874
2,720,1407,2127,-2.68739
2,740,1407,2147,-2.37055
2,760,1407,2167,-2.57231
2,780,1407,2187,-2.73479
2,800,1407,2207,-2.59434
2,820,1407,2227,-2.68311
2,840,1407,2247,-2.49423
2,860,1407,2267,-2.51116
2,880,1407,2287,-2.71068
2,900,1407,2307,-2.54411
2,920,1407,2327,-2.74444
2,940,1407,2347,-2.81562
2,960,1407,2367,-2.6804
2,980,1407,2387,-2.82414
2,1000,1407,2407,-2.59624
2,1020,1407,2427,-2.63287
2,1040,1407,2447,-2.66926
2,1060,1407,2467,-2.76495
2,1080,1407,2487,-2.94913
2,1100,1407,2507,-2.65396
2,1120,1407,2527,-2.94841
2,1140,1407,2547,-2.82708
2,1160,1407,2567,-2.72341
2,1180,1407,2587,-2.75152
2,1200,1407,2607,-2.51335
2,1220,1407,2627,-2.58779
2,1240,1407,2647,-2.56621
2,1260,1407,2667,-2.98081
2,1280,1407,2687,-2.71431
2,1300,1407,2707,-2.82578
2,1320,1407,2727,-0.77685
2,1340,1407,2747,-2.75118
2,1360,1407,2767,-2.57666
2,1380,1407,2787,-2.64679
2,1400,1407,2807,-2.75885
2,1407,1407,2814,-2.31438
3,20,1407,2834,1.28831
3,40,1407,2854,-2.71611
3,60,1407,2874,-2.59435
3,80,1407,2894,-2.77995
3,100,1407,2914,-2.78393
3,120,1407,2934,-2.57305
3,140,1407,2954,-3.00982
3,160,1407,2974,-2.91096
3,180,1407,2994,-2.83041
3,200,1407,3014,-2.99737
3,220,1407,3034,-2.83766
3,240,1407,3054,-2.79965
3,260,1407,3074,-2.78592
3,280,1407,3094,-2.81655
3,300,1407,3114,-2.73583
3,320,1407,3134,-2.7564
3,340,1407,3154,-2.98785
3,360,1407,3174,-2.65999
3,380,1407,3194,-2.91218
3,400,1407,3214,-2.77732
3,420,1407,3234,-2.97787
3,440,1407,3254,-2.56328
3,460,1407,3274,-2.92421
3,480,1407,3294,-2.87496
3,500,1407,3314,-2.87273
3,520,1407,3334,-2.61413
3,540,1407,3354,-2.81642
3,560,1407,3374,-2.93418
3,580,1407,3394,-2.8802
3,600,1407,3414,-3.2881
3,620,1407,3434,-2.80027
3,640,1407,3454,-2.97541
3,660,1407,3474,-3.10663
3,680,1407,3494,-2.82376
3,700,1407,3514,-2.77413
3,720,1407,3534,-3.07141
3,740,1407,3554,-2.36466
3,760,1407,3574,-1.47836
3,780,1407,3594,-2.81778
3,800,1407,3614,-2.69316
3,820,1407,3634,-2.77281
3,840,1407,3654,-3.11443
3,860,1407,3674,-2.96644
3,880,1407,3694,-2.83258
3,900,1407,3714,-2.68057
3,920,1407,3734,-2.92992
3,940,1407,3754,-2.93424
3,960,1407,3774,-2.78451
3,980,1407,3794,-2.92512
3,1000,1407,3814,-2.63291
3,1020,1407,3834,-2.89941
3,1040,1407,3854,-2.80245
3,1060,1407,3874,-0.78997
3,1080,1407,3894,-2.9807
3,1100,1407,3914,-2.62246
3,1120,1407,3934,-2.90054
3,1140,1407,3954,-3.15386
3,1160,1407,3974,-3.14513
3,1180,1407,3994,-2.82391
3,1200,1407,4014,-3.01977
3,1220,1407,4034,-3.03019
3,1240,1407,4054,-2.88822
3,1260,1407,4074,-2.57187
3,1280,1407,4094,-3.03539
3,1300,1407,4114,-3.17932
3,1320,1407,4134,-2.87844
3,1340,1407,4154,-2.97324
3,1360,1407,4174,-2.83035
3,1380,1407,4194,-3.10839
3,1400,1407,4214,-3.22259
3,1407,1407,4221,-2.70903
4,20,1407,4241,-3.1071
4,40,1407,4261,-0.47233
4,60,1407,4281,-3.10234
4,80,1407,4301,-2.85973
4,100,1407,4321,-2.82496
4,120,1407,4341,-3.14659
4,140,1407,4361,-2.78754
4,160,1407,4381,-3.1206
4,180,1407,4401,-3.45435
4,200,1407,4421,-3.243
4,220,1407,4441,-2.99649
4,240,1407,4461,-2.96619
4,260,1407,4481,-3.00696
4,280,1407,4501,-2.91387
4,300,1407,4521,-2.80889
4,320,1407,4541,-3.14497
4,340,1407,4561,-2.7914
4,360,1407,4581,-2.92836
4,380,1407,4601,-2.37792
4,400,1407,4621,1.72946
4,420,1407,4641,-2.9052
4,440,1407,4661,-2.72524
4,460,1407,4681,-3.03533
4,480,1407,4701,-2.88285
4,500,1407,4721,-2.97305
4,520,1407,4741,-3.06276
4,540,1407,4761,-2.91965
4,560,1407,4781,-2.9261
4,580,1407,4801,-3.1655
4,600,1407,4821,-3.39824
4,620,1407,4841,-2.88288
4,640,1407,4861,-3.1239
4,660,1407,4881,-2.94347
4,680,1407,4901,-3.17413
4,700,1407,4921,-2.75568
4,720,1407,4941,-2.94359
4,740,1407,4961,-2.87899
4,760,1407,4981,-3.21005
4,780,1407,5001,-3.10127
4,800,1407,5021,-3.27237
4,820,1407,5041,-3.00222
4,840,1407,5061,-2.80766
4,860,1407,5081,-3.05105
4,880,1407,5101,-3.04641
4,900,1407,5121,-2.86897
4,920,1407,5141,-2.84064
4,940,1407,5161,-3.4139
4,960,1407,5181,0.01374
4,980,1407,5201,-3.41281
4,1000,1407,5221,-2.9543
4,1020,1407,5241,-2.96904
4,1040,1407,5261,-3.12287
4,1060,1407,5281,-3.18324
4,1080,1407,5301,-3.16831
4,1100,1407,5321,-3.02473
4,1120,1407,5341,-0.74821
4,1140,1407,5361,-3.00107
4,1160,1407,5381,-2.96058
4,1180,1407,5401,-3.02883
4,1200,1407,5421,-2.97799
4,1220,1407,5441,-2.86687
4,1240,1407,5461,-3.15002
4,1260,1407,5481,-2.89687
4,1280,1407,5501,-3.12006
4,1300,1407,5521,-3.01151
4,1320,1407,5541,-3.05495
4,1340,1407,5561,-3.06863
4,1360,1407,5581,-3.17316
4,1380,1407,5601,-3.21225
4,1400,1407,5621,-3.27698
4,1407,1407,5628,-2.70669
5,20,1407,5648,-3.24988
5,40,1407,5668,-2.8187
5,60,1407,5688,-3.10476
5,80,1407,5708,-3.18135
5,100,1407,5728,-2.83672
5,120,1407,5748,-3.03475
5,140,1407,5768,-3.04794
5,160,1407,5788,-3.1346
5,180,1407,5808,-3.36174
5,200,1407,5828,-3.23862
5,220,1407,5848,-3.45544
5,240,1407,5868,-3.13205
5,260,1407,5888,-3.167
5,280,1407,5908,-3.0843
5,300,1407,5928,-3.00068
5,320,1407,5948,-3.20183
5,340,1407,5968,-3.32591
5,360,1407,5988,-3.09765
5,380,1407,6008,-3.1569
5,400,1407,6028,-3.15088
5,420,1407,6048,-3.2775
5,440,1407,6068,-3.12179
5,460,1407,6088,-3.2382
5,480,1407,6108,-3.45021
5,500,1407,6128,-3.06384
5,520,1407,6148,-3.16375
5,540,1407,6168,-3.26192
5,560,1407,6188,-3.05175
5,580,1407,6208,-3.29173
5,600,1407,6228,-3.30259
5,620,1407,6248,-3.06962
5,640,1407,6268,-2.9043
5,660,1407,6288,-3.21265
5,680,1407,6308,-2.97435
5,700,1407,6328,-3.04727
5,720,1407,6348,-3.2578
5,740,1407,6368,-3.43925
5,760,1407,6388,-3.07411
5,780,1407,6408,-3.13685
5,800,1407,6428,-1.87956
5,820,1407,6448,-2.94699
5,840,1407,6468,-3.08105
5,860,1407,6488,-3.34499
5,880,1407,6508,-3.25467
5,900,1407,6528,-3.30346
5,920,1407,6548,-3.13363
5,940,1407,6568,-2.9987
5,960,1407,6588,-3.13065
5,980,1407,6608,-3.4431
5,1000,1407,6628,-3.21765
5,1020,1407,6648,-3.11942
5,1040,1407,6668,2.47558
5,1060,1407,6688,-3.51335
5,1080,1407,6708,-3.15095
5,1100,1407,6728,-3.16
5,1120,1407,6748,-3.2276
5,1140,1407,6768,-3.24567
5,1160,1407,6788,-3.24158
5,1180,1407,6808,-3.00582
5,1200,1407,6828,-3.32885
5,1220,1407,6848,-3.07388
5,1240,1407,6868,-3.28346
5,1260,1407,6888,-3.21823
5,1280,1407,6908,-3.25031
5,1300,1407,6928,-2.81333
5,1320,1407,6948,-3.30331
5,1340,1407,6968,-3.49037
5,1360,1407,6988,-3.39803
5,1380,1407,7008,-3.28071
5,1400,1407,7028,0.53235
5,1407,1407,7035,-3.13694
6,20,1407,7055,-3.11819
6,40,1407,7075,-3.18521
6,60,1407,7095,-3.07719
6,80,1407,7115,-3.22267
6,100,1407,7135,-2.92449
6,120,1407,7155,-3.18097
6,140,1407,7175,-3.15691
6,160,1407,7195,-3.24254
6,180,1407,7215,-3.36382
6,200,1407,7235,-3.2699
6,220,1407,7255,-3.15713
6,240,1407,7275,-3.24292
6,260,1407,7295,-3.05145
6,280,1407,7315,-3.53814
6,300,1407,7335,-3.31939
6,320,1407,7355,-3.10638
6,340,1407,7375,-3.18793
6,360,1407,7395,-3.26946
6,380,1407,7415,-3.05737
6,400,1407,7435,-3.11045
6,420,1407,7455,-3.4733
6,440,1407,7475,-3.03814
6,460,1407,7495,-3.09771
6,480,1407,7515,-3.0608
6,500,1407,7535,-3.23488
6,520,1407,7555,-0.79411
6,540,1407,7575,-3.21826
6,560,1407,7595,-2.9527
6,580,1407,7615,-3.45069
6,600,1407,7635,-3.47861
6,620,1407,7655,-3.2447
6,640,1407,7675,-3.16615
6,660,1407,7695,-3.23309
6,680,1407,7715,-3.17051
6,700,1407,7735,-3.43863
6,720,1407,7755,-3.1996
6,740,1407,7775,-3.14515
6,760,1407,7795,-3.44588
6,780,1407,7815,-2.72415
6,800,1407,7835,-3.21179
6,820,1407,7855,-2.97725
6,840,1407,7875,-3.21688
6,860,1407,7895,-3.21351
6,880,1407,7915,-3.27613
6,900,1407,7935,-3.25152
6,920,1407,7955,-3.33484
6,940,1407,7975,-3.45812
6,960,1407,7995,-3.1382
6,980,1407,8015,-3.43681
6,1000,1407,8035,-3.27997
6,1020,1407,8055,-3.12955
6,1040,1407,8075,-3.49762
6,1060,1407,8095,-3.06501
6,1080,1407,8115,-3.20748
6,1100,1407,8135,-3.29877
6,1120,1407,8155,-3.15335
6,1140,1407,8175,-3.56227
6,1160,1407,8195,-3.43731
6,1180,1407,8215,-3.29549
6,1200,1407,8235,-3.27992
6,1220,1407,8255,-3.36051
6,1240,1407,8275,-2.93958
6,1260,1407,8295,-3.01147
6,1280,1407,8315,-3.24586
6,1300,1407,8335,-2.95721
6,1320,1407,8355,-3.40188
6,1340,1407,8375,-3.24656
6,1360,1407,8395,-3.43236
6,1380,1407,8415,-3.36875
6,1400,1407,8435,-3.5253
6,1407,1407,8442,-3.89696
7,20,1407,8462,-3.03399
7,40,1407,8482,-3.0203
7,60,1407,8502,-3.21492
7,80,1407,8522,-3.27962
7,100,1407,8542,-3.30515
7,120,1407,8562,-3.13649
7,140,1407,8582,-3.20315
7,160,1407,8602,-3.25734
7,180,1407,8622,-3.29431
7,200,1407,8642,-3.18371
7,220,1407,8662,-3.34727
7,240,1407,8682,-3.63326
7,260,1407,8702,-3.3358
7,280,1407,8722,-3.10007
7,300,1407,8742,-3.19249
7,320,1407,8762,-3.18375
7,340,1407,8782,-3.08862
7,360,1407,8802,-3.24405
7,380,1407,8822,-2.76891
7,400,1407,8842,-3.43327
7,420,1407,8862,-3.07936
7,440,1407,8882,-3.3854
7,460,1407,8902,-3.21607
7,480,1407,8922,-3.4535
7,500,1407,8942,-3.29353
7,520,1407,8962,-3.245
7,540,1407,8982,-3.38638
7,560,1407,9002,-3.3129
7,580,1407,9022,-3.31796
7,600,1407,9042,-3.16235
7,620,1407,9062,-3.40543
7,640,1407,9082,-3.07982
7,660,1407,9102,-3.27725
7,680,1407,9122,-3.65509
7,700,1407,9142,-3.18851
7,720,1407,9162,-3.11692
7,740,1407,9182,-2.87132
7,760,1407,9202,-3.3639
7,780,1407,9222,-3.53526
7,800,1407,9242,-3.06381
7,820,1407,9262,-3.39063
7,840,1407,9282,-3.35177
7,860,1407,9302,-3.08805
7,880,1407,9322,-3.18823
7,900,1407,9342,-3.5196
7,920,1407,9362,-3.30095
7,940,1407,9382,-3.32069
7,960,1407,9402,-3.18008
7,980,1407,9422,-3.49883
7,1000,1407,9442,-3.43538
7,1020,1407,9462,-3.62997
7,1040,1407,9482,-3.38255
7,1060,1407,9502,-3.21585
7,1080,1407,9522,-3.3636
7,1100,1407,9542,-3.51403
7,1120,1407,9562,-3.18499
7,1140,1407,9582,-3.31784
7,1160,1407,9602,-3.20484
7,1180,1407,9622,-3.41519
7,1200,1407,9642,-3.47558
7,1220,1407,9662,-3.51924
7,1240,1407,9682,-3.26353
7,1260,1407,9702,-3.44734
7,1280,1407,9722,-3.13274
7,1300,1407,9742,-3.29635
7,1320,1407,9762,-3.03305
7,1340,1407,9782,-3.27567
7,1360,1407,9802,-3.34546
7,1380,1407,9822,-3.38463
7,1400,1407,9842,-3.44254
7,1407,1407,9849,-3.57966
8,20,1407,9869,-3.28362
8,40,1407,9889,-3.30669
8,60,1407,9909,-3.49422
8,80,1407,9929,-3.17018
8,100,1407,9949,-3.01329
8,120,1407,9969,-3.25149
8,140,1407,9989,-3.44813
8,160,1407,10009,-3.24493
8,180,1407,10029,-3.31963
8,200,1407,10049,-3.49288
8,220,1407,10069,-3.13154
8,240,1407,10089,-3.29918
8,260,1407,10109,-3.51579
8,280,1407,10129,-3.42979
8,300,1407,10149,-3.34715
8,320,1407,10169,-3.3689
8,340,1407,10189,-3.53885
8,360,1407,10209,-3.21324
8,380,1407,10229,-3.24441
8,400,1407,10249,-3.60813
8,420,1407,10269,-3.30442
8,440,1407,10289,-3.42096
8,460,1407,10309,-3.2196
8,480,1407,10329,-3.5895
8,500,1407,10349,-3.05666
8,520,1407,10369,-3.56554
8,540,1407,10389,-3.20787
8,560,1407,10409,-3.17291
8,580,1407,10429,-3.20131
8,600,1407,10449,-3.09034
8,620,1407,10469,-3.28821
8,640,1407,10489,-3.1524
8,660,1407,10509,-3.46006
8,680,1407,10529,-3.24127
8,700,1407,10549,-3.50622
8,720,1407,10569,-3.5278
8,740,1407,10589,-3.2214
8,760,1407,10609,-3.22229
8,780,1407,10629,-3.47874
8,800,1407,10649,-3.55919
8,820,1407,10669,-3.27561
8,840,1407,10689,-3.55899
8,860,1407,10709,-3.22761
8,880,1407,10729,-3.4849
8,900,1407,10749,-3.19948
8,920,1407,10769,-3.36306
8,940,1407,10789,-3.39091
8,960,1407,10809,-3.35138
8,980,1407,10829,-3.25509
8,1000,1407,10849,-3.30237
8,1020,1407,10869,-3.42588
8,1040,1407,10889,-3.2445
8,1060,1407,10909,-3.48339
8,1080,1407,10929,-3.4061
8,1100,1407,10949,-3.23475
8,1120,1407,10969,-3.24545
8,1140,1407,10989,-3.39754
8,1160,1407,11009,-3.19919
8,1180,1407,11029,-3.12962
8,1200,1407,11049,-3.22242
8,1220,1407,11069,-3.27796
8,1240,1407,11089,-3.29054
8,1260,1407,11109,-3.2908
8,1280,1407,11129,-3.26922
8,1300,1407,11149,-3.44652
8,1320,1407,11169,-3.34026
8,1340,1407,11189,-3.48002
8,1360,1407,11209,-3.18933
8,1380,1407,11229,-3.43762
8,1400,1407,11249,-3.48888
8,1407,1407,11256,-3.38582
9,20,1407,11276,-3.42905
9,40,1407,11296,-3.48086
9,60,1407,11316,-3.33474
9,80,1407,11336,-3.03759
9,100,1407,11356,-3.34839
9,120,1407,11376,1.11935
9,140,1407,11396,-3.45904
9,160,1407,11416,-3.82068
9,180,1407,11436,-3.05175
9,200,1407,11456,-3.7668
9,220,1407,11476,-3.20299
9,240,1407,11496,-3.31922
9,260,1407,11516,-3.15749
9,280,1407,11536,-3.43001
9,300,1407,11556,-3.48524
9,320,1407,11576,-3.60266
9,340,1407,11596,-3.59486
9,360,1407,11616,-3.42128
9,380,1407,11636,-3.44956
9,400,1407,11656,-3.4644
9,420,1407,11676,-3.57176
9,440,1407,11696,-3.31752
9,460,1407,11716,-3.2107
9,480,1407,11736,-3.50454
9,500,1407,11756,-3.47568
9,520,1407,11776,-3.63249
9,540,1407,11796,-3.54199
9,560,1407,11816,-3.36846
9,580,1407,11836,-3.2053
9,600,1407,11856,-3.24671
9,620,1407,11876,-3.28546
9,640,1407,11896,-3.65949
9,660,1407,11916,-3.48357
9,680,1407,11936,-3.27342
9,700,1407,11956,-3.61532
9,720,1407,11976,-3.43737
9,740,1407,11996,-3.34861
9,760,1407,12016,-3.46354
9,780,1407,12036,-3.20501
9,800,1407,12056,-3.21032
9,820,1407,12076,-3.20517
9,840,1407,12096,-3.4679
9,860,1407,12116,-3.38332
9,880,1407,12136,-3.42405
9,900,1407,12156,-3.8058
9,920,1407,12176,-3.2433
9,940,1407,12196,-3.89782
9,960,1407,12216,-3.52451
9,980,1407,12236,-1.54722
9,1000,1407,12256,-3.6666
9,1020,1407,12276,-3.70401
9,1040,1407,12296,-3.42703
9,1060,1407,12316,-3.42966
9,1080,1407,12336,6.84372
9,1100,1407,12356,-3.54684
9,1120,1407,12376,-3.39707
9,1140,1407,12396,-3.38728
9,1160,1407,12416,-3.2538
9,1180,1407,12436,-3.36951
9,1200,1407,12456,-3.63204
9,1220,1407,12476,-3.49675
9,1240,1407,12496,2.59225
9,1260,1407,12516,-3.62139
9,1280,1407,12536,-3.65613
9,1300,1407,12556,-3.58401
9,1320,1407,12576,-3.23687
9,1340,1407,12596,-3.50631
9,1360,1407,12616,-3.28947
9,1380,1407,12636,-3.48277
9,1400,1407,12656,-3.40725
9,1407,1407,12663,-3.07438
10,20,1407,12683,-3.69327
10,40,1407,12703,2.00027
10,60,1407,12723,-3.31265
10,80,1407,12743,-3.37722
10,100,1407,12763,-3.5409
10,120,1407,12783,-3.62844
10,140,1407,12803,-3.39584
10,160,1407,12823,-3.49404
10,180,1407,12843,-3.26827
10,200,1407,12863,-3.86698
10,220,1407,12883,-3.68548
10,240,1407,12903,-3.51689
10,260,1407,12923,-3.74083
10,280,1407,12943,-3.58307
10,300,1407,12963,-3.22885
10,320,1407,12983,-0.94884
10,340,1407,13003,-3.63971
10,360,1407,13023,-3.34499
10,380,1407,13043,-3.80682
10,400,1407,13063,-3.3616
10,420,1407,13083,-3.7326
10,440,1407,13103,-3.18658
10,460,1407,13123,-3.37544
10,480,1407,13143,-3.40955
10,500,1407,13163,-3.47802
10,520,1407,13183,-3.2569
10,540,1407,13203,-3.4592
10,560,1407,13223,-3.64183
10,580,1407,13243,-3.41005
10,600,1407,13263,-3.25501
10,620,1407,13283,-3.58642
10,640,1407,13303,-3.49273
10,660,1407,13323,-3.33652
10,680,1407,13343,-3.73089
10,700,1407,13363,-3.60934
10,720,1407,13383,-3.91603
10,740,1407,13403,-3.37102
10,760,1407,13423,-3.41697
10,780,1407,13443,-3.30702
10,800,1407,13463,-3.44586
10,820,1407,13483,-3.41278
10,840,1407,13503,-3.49907
10,860,1407,13523,-3.44824
10,880,1407,13543,-3.58784
10,900,1407,13563,-3.45286
10,920,1407,13583,-3.35752
10,940,1407,13603,-3.45273
10,960,1407,13623,-3.57619
10,980,1407,13643,-4.24794
10,1000,1407,13663,-3.59534
10,1020,1407,13683,-3.57569
10,1040,1407,13703,-3.38609
10,1060,1407,13723,-3.4994
10,1080,1407,13743,-3.48359
10,1100,1407,13763,-3.45098
10,1120,1407,13783,-3.44022
10,1140,1407,13803,-3.48309
10,1160,1407,13823,-3.59408
10,1180,1407,13843,-3.71257
10,1200,1407,13863,-3.39904
10,1220,1407,13883,-3.53518
10,1240,1407,13903,-3.48073
10,1260,1407,13923,-3.42292
10,1280,1407,13943,-3.44021
10,1300,1407,13963,-3.41385
10,1320,1407,13983,-3.8546
10,1340,1407,14003,-3.4907
10,1360,1407,14023,-3.39493
10,1380,1407,14043,-3.31382
10,1400,1407,14063,-3.13367
10,1407,1407,14070,-3.62952
11,20,1407,14090,-3.26289
11,40,1407,14110,-3.44676
11,60,1407,14130,-3.60458
11,80,1407,14150,-3.6155
11,100,1407,14170,-3.44291
11,120,1407,14190,-3.6956
11,140,1407,14210,-3.7039
11,160,1407,14230,-1.09254
11,180,1407,14250,-3.57127
11,200,1407,14270,-3.37637
11,220,1407,14290,-3.40701
11,240,1407,14310,-3.87971
11,260,1407,14330,-3.57582
11,280,1407,14350,-3.44538
11,300,1407,14370,-3.71889
11,320,1407,14390,-3.4631
11,340,1407,14410,-3.915
11,360,1407,14430,-3.61209
11,380,1407,14450,-3.65606
11,400,1407,14470,-3.4432
11,420,1407,14490,-3.63242
11,440,1407,14510,-3.5811
11,460,1407,14530,-3.38256
11,480,1407,14550,-3.75267
11,500,1407,14570,-3.51088
11,520,1407,14590,-3.33351
11,540,1407,14610,-3.38087
11,560,1407,14630,-3.6578
11,580,1407,14650,-3.69894
11,600,1407,14670,-4.05054
11,620,1407,14690,-3.57726
11,640,1407,14710,-3.55502
11,660,1407,14730,-3.48069
11,680,1407,14750,-3.53374
11,700,1407,14770,-3.74975
11,720,1407,14790,-3.57312
11,740,1407,14810,-3.81536
11,760,1407,14830,-3.59722
11,780,1407,14850,-3.47041
11,800,1407,14870,-3.66829
11,820,1407,14890,-3.59865
11,840,1407,14910,-3.75774
11,860,1407,14930,-3.71817
11,880,1407,14950,-3.31279
11,900,1407,14970,-3.58987
11,920,1407,14990,-3.233
11,940,1407,15010,-3.3052
11,960,1407,15030,-2.27443
11,980,1407,15050,-3.45034
11,1000,1407,15070,-4.06586
11,1020,1407,15090,-3.66004
11,1040,1407,15110,-3.36105
11,1060,1407,15130,-3.45193
11,1080,1407,15150,-3.60842
11,1100,1407,15170,-0.72687
11,1120,1407,15190,-3.40133
11,1140,1407,15210,-3.68538
11,1160,1407,15230,-2.7865
11,1180,1407,15250,-3.34351
11,1200,1407,15270,-3.52642
11,1220,1407,15290,-2.40178
11,1240,1407,15310,-3.8928
11,1260,1407,15330,-3.92936
11,1280,1407,15350,-3.89438
11,1300,1407,15370,-3.66542
11,1320,1407,15390,-3.48995
11,1340,1407,15410,-3.36844
11,1360,1407,15430,-3.67587
11,1380,1407,15450,-3.47984
11,1400,1407,15470,-3.73107
11,1407,1407,15477,-3.35698
12,20,1407,15497,4.65108
12,40,1407,15517,-3.70151
12,60,1407,15537,-3.54361
12,80,1407,15557,-3.68742
12,100,1407,15577,-1.5114
12,120,1407,15597,-3.42221
12,140,1407,15617,-3.62032
12,160,1407,15637,-3.43231
12,180,1407,15657,-3.53748
12,200,1407,15677,-3.33307
12,220,1407,15697,-0.79877
12,240,1407,15717,-3.80614
12,260,1407,15737,-3.58693
12,280,1407,15757,-3.26684
12,300,1407,15777,-3.55743
12,320,1407,15797,-3.76752
12,340,1407,15817,-3.34803
12,360,1407,15837,-3.79226
12,380,1407,15857,-3.58475
12,400,1407,15877,-3.31043
12,420,1407,15897,-3.6208
12,440,1407,15917,-3.69662
12,460,1407,15937,-3.51894
12,480,1407,15957,-3.28704
12,500,1407,15977,-3.67745
12,520,1407,15997,-3.74693
12,540,1407,16017,-3.52047
12,560,1407,16037,-3.90592
12,580,1407,16057,-3.6219
12,600,1407,16077,-3.17122
12,620,1407,16097,-3.82748
12,640,1407,16117,-3.4939
12,660,1407,16137,-3.59854
12,680,1407,16157,-3.55514
12,700,1407,16177,-3.66964
12,720,1407,16197,-3.82105
12,740,1407,16217,-3.72418
12,760,1407,16237,-3.52071
12,780,1407,16257,-3.3503
12,800,1407,16277,-3.38318
12,820,1407,16297,-3.41224
12,840,1407,16317,-3.52282
12,860,1407,16337,-3.59952
12,880,1407,16357,-3.49927
12,900,1407,16377,-3.7332
12,920,1407,16397,-3.59623
12,940,1407,16417,-3.85528
12,960,1407,16437,-3.57295
12,980,1407,16457,-3.77134
12,1000,1407,16477,-3.7031
12,1020,1407,16497,-3.54475
12,1040,1407,16517,-3.96218
12,1060,1407,16537,-3.89474
12,1080,1407,16557,-3.72903
12,1100,1407,16577,-1.72222
12,1120,1407,16597,-3.32527
12,1140,1407,16617,-3.65012
12,1160,1407,16637,-3.43004
12,1180,1407,16657,-3.44416
12,1200,1407,16677,-3.72184
12,1220,1407,16697,-3.29295
12,1240,1407,16717,-3.77282
12,1260,1407,16737,-3.36928
12,1280,1407,16757,-3.86751
12,1300,1407,16777,-3.55976
12,1320,1407,16797,-3.76827
12,1340,1407,16817,-3.66415
12,1360,1407,16837,-3.87483
12,1380,1407,16857,-3.86075
12,1400,1407,16877,-3.74936
12,1407,1407,16884,-3.28076
13,20,1407,16904,-3.51994
13,40,1407,16924,-3.53175
13,60,1407,16944,-3.83492
13,80,1407,16964,-3.38926
13,100,1407,16984,-3.26514
13,120,1407,17004,-3.45167
13,140,1407,17024,-3.64514
13,160,1407,17044,-3.57642
13,180,1407,17064,-4.02969
13,200,1407,17084,-3.39629
13,220,1407,17104,-3.50143
13,240,1407,17124,-3.6245
13,260,1407,17144,-3.41863
13,280,1407,17164,-3.23376
13,300,1407,17184,-3.74273
13,320,1407,17204,-3.74337
13,340,1407,17224,-3.61737
13,360,1407,17244,-3.98275
13,380,1407,17264,-3.79612
13,400,1407,17284,-4.04938
13,420,1407,17304,-4.08452
13,440,1407,17324,-3.86743
13,460,1407,17344,-3.4303
13,480,1407,17364,-3.90439
13,500,1407,17384,-3.89802
13,520,1407,17404,-3.86997
13,540,1407,17424,-3.84731
13,560,1407,17444,-3.757
13,580,1407,17464,-3.71116
13,600,1407,17484,-3.66967
13,620,1407,17504,-3.79939
13,640,1407,17524,-3.64244
13,660,1407,17544,-3.5982
13,680,1407,17564,-3.86976
13,700,1407,17584,0.48071
13,720,1407,17604,-3.83799
13,740,1407,17624,-4.21355
13,760,1407,17644,-3.42426
13,780,1407,17664,-3.7686
13,800,1407,17684,-3.87697
13,820,1407,17704,-3.67388
13,840,1407,17724,-3.58885
13,860,1407,17744,-3.86164
13,880,1407,17764,-3.5171
13,900,1407,17784,-3.58469
13,920,1407,17804,-3.83026
13,940,1407,17824,-3.72191
13,960,1407,17844,-3.77781
13,980,1407,17864,-3.7178
13,1000,1407,17884,-3.6938
13,1020,1407,17904,-3.52272
13,1040,1407,17924,-3.94138
13,1060,1407,17944,-3.49665
13,1080,1407,17964,-3.75365
13,1100,1407,17984,-3.55286
13,1120,1407,18004,-3.91395
13,1140,1407,18024,-3.373
13,1160,1407,18044,-3.67058
13,1180,1407,18064,-3.79155
13,1200,1407,18084,-3.73563
13,1220,1407,18104,1.10862
13,1240,1407,18124,-3.70938
13,1260,1407,18144,-3.71692
13,1280,1407,18164,-3.59177
13,1300,1407,18184,-3.7754
13,1320,1407,18204,-3.31037
13,1340,1407,18224,-3.84976
13,1360,1407,18244,-3.75141
13,1380,1407,18264,-3.51173
13,1400,1407,18284,-3.79978
13,1407,1407,18291,-3.31069
14,20,1407,18311,-3.87801
14,40,1407,18331,-3.51238
14,60,1407,18351,-3.78628
14,80,1407,18371,-3.65073
14,100,1407,18391,-3.62829
14,120,1407,18411,-3.75002
14,140,1407,18431,-3.59742
14,160,1407,18451,-3.62558
14,180,1407,18471,-3.82772
14,200,1407,18491,-3.92591
14,220,1407,18511,-3.5259
14,240,1407,18531,-4.03099
14,260,1407,18551,-3.69753
14,280,1407,18571,-3.94728
14,300,1407,18591,-3.29932
14,320,1407,18611,-3.81422
14,340,1407,18631,-3.57881
14,360,1407,18651,-3.52026
14,380,1407,18671,-3.29916
14,400,1407,18691,-3.4467
14,420,1407,18711,-3.61975
14,440,1407,18731,-3.36495
14,460,1407,18751,-3.73715
14,480,1407,18771,-3.76721
14,500,1407,18791,-3.83662
14,520,1407,18811,-3.73956
14,540,1407,18831,-3.62728
14,560,1407,18851,-3.50378
14,580,1407,18871,-1.94556
14,600,1407,18891,-3.691
14,620,1407,18911,-3.62884
14,640,1407,18931,-3.78075
14,660,1407,18951,-0.58193
14,680,1407,18971,-3.77837
14,700,1407,18991,-4.00814
14,720,1407,19011,-3.76071
14,740,1407,19031,-3.488
14,760,1407,19051,-3.61693
14,780,1407,19071,-4.06608
14,800,1407,19091,-3.84493
14,820,1407,19111,-3.29475
14,840,1407,19131,-3.8092
14,860,1407,19151,-3.66939
14,880,1407,19171,-3.86383
14,900,1407,19191,-3.89113
14,920,1407,19211,-3.49874
14,940,1407,19231,-3.56334
14,960,1407,19251,-3.7557
14,980,1407,19271,-3.57945
14,1000,1407,19291,-3.8423
14,1020,1407,19311,-3.85495
14,1040,1407,19331,-3.71683
14,1060,1407,19351,-3.70044
14,1080,1407,19371,-3.73663
14,1100,1407,19391,-3.59052
14,1120,1407,19411,-3.58854
14,1140,1407,19431,-3.53869
14,1160,1407,19451,-3.78955
14,1180,1407,19471,-3.95731
14,1200,1407,19491,-3.88724
14,1220,1407,19511,-4.02432
14,1240,1407,19531,-3.47047
14,1260,1407,19551,-3.93082
14,1280,1407,19571,-3.48909
14,1300,1407,19591,-3.57817
14,1320,1407,19611,-3.73709
14,1340,1407,19631,-3.44279
14,1360,1407,19651,-3.29555
14,1380,1407,19671,-3.83313
14,1400,1407,19691,-3.69271
14,1407,1407,19698,-2.9735
15,20,1407,19718,-4.12545
15,40,1407,19738,-4.02468
15,60,1407,19758,-3.82051
15,80,1407,19778,-3.67645
15,100,1407,19798,-3.59216
15,120,1407,19818,-2.45872
15,140,1407,19838,-4.00151
15,160,1407,19858,-3.81175
15,180,1407,19878,-3.91852
15,200,1407,19898,2.47821
15,220,1407,19918,-3.85313
15,240,1407,19938,-3.40956
15,260,1407,19958,-3.80145
15,280,1407,19978,-3.99637
15,300,1407,19998,-3.34399
15,320,1407,20018,-3.81974
15,340,1407,20038,-4.02092
15,360,1407,20058,-3.37532
15,380,1407,20078,-4.13883
15,400,1407,20098,-3.80659
15,420,1407,20118,-4.04836
15,440,1407,20138,-3.67798
15,460,1407,20158,-3.78267
15,480,1407,20178,-3.83691
15,500,1407,20198,-3.84858
15,520,1407,20218,-3.30175
15,540,1407,20238,-3.66664
15,560,1407,20258,-3.72296
15,580,1407,20278,-3.65955
15,600,1407,20298,-3.71224
15,620,1407,20318,-3.90699
15,640,1407,20338,-3.8712
15,660,1407,20358,-3.80212
15,680,1407,20378,-3.73857
15,700,1407,20398,-3.70454
15,720,1407,20418,-3.61345
15,740,1407,20438,-3.87885
15,760,1407,20458,-3.63974
15,780,1407,20478,-3.63958
15,800,1407,20498,-3.87045
15,820,1407,20518,-3.86734
15,840,1407,20538,-3.84969
15,860,1407,20558,-3.71924
15,880,1407,20578,-3.81948
15,900,1407,20598,-3.69593
15,920,1407,20618,-3.79523
15,940,1407,20638,-4.07965
15,960,1407,20658,-3.86238
15,980,1407,20678,-3.8782
15,1000,1407,20698,-3.85902
15,1020,1407,20718,-3.79246
15,1040,1407,20738,-3.96178
15,1060,1407,20758,-3.97883
15,1080,1407,20778,-4.05804
15,1100,1407,20798,-3.80266
15,1120,1407,20818,-3.82106
15,1140,1407,20838,-3.6126
15,1160,1407,20858,-3.55716
15,1180,1407,20878,-4.02614
15,1200,1407,20898,-3.6326
15,1220,1407,20918,-3.82026
15,1240,1407,20938,-3.80064
15,1260,1407,20958,-3.79229
15,1280,1407,20978,-4.12485
15,1300,1407,20998,-3.91024
15,1320,1407,21018,-4.00363
15,1340,1407,21038,-3.84254
15,1360,1407,21058,-4.02306
15,1380,1407,21078,-3.80352
15,1400,1407,21098,-3.7361
15,1407,1407,21105,-4.12482
16,20,1407,21125,-3.76387
16,40,1407,21145,-3.61231
16,60,1407,21165,-3.88965
16,80,1407,21185,-3.49504
16,100,1407,21205,-3.91629
16,120,1407,21225,-2.97197
16,140,1407,21245,-3.97823
16,160,1407,21265,-3.82837
16,180,1407,21285,-3.99677
16,200,1407,21305,-3.76141
16,220,1407,21325,-3.78504
16,240,1407,21345,-3.62356
16,260,1407,21365,-4.11226
16,280,1407,21385,-4.10402
16,300,1407,21405,-3.69609
16,320,1407,21425,-4.05924
16,340,1407,21445,-3.63459
16,360,1407,21465,-3.99655
16,380,1407,21485,-3.70695
16,400,1407,21505,-3.61867
16,420,1407,21525,-3.83511
16,440,1407,21545,-3.65293
16,460,1407,21565,-3.81962
16,480,1407,21585,-3.5651
16,500,1407,21605,-3.94379
16,520,1407,21625,-3.76608
16,540,1407,21645,-3.75859
16,560,1407,21665,-3.55336
16,580,1407,21685,-4.07206
16,600,1407,21705,-3.98658
16,620,1407,21725,-3.65369
16,640,1407,21745,-3.46391
16,660,1407,21765,-3.79881
16,680,1407,21785,-4.15234
16,700,1407,21805,-4.00536
16,720,1407,21825,-3.77562
16,740,1407,21845,-3.6695
16,760,1407,21865,-3.93815
16,780,1407,21885,-3.79348
16,800,1407,21905,-3.98554
16,820,1407,21925,-3.66327
16,840,1407,21945,-3.84793
16,860,1407,21965,-4.2187
16,880,1407,21985,-3.77735
16,900,1407,22005,-3.87988
16,920,1407,22025,-3.78981
16,940,1407,22045,-3.48668
16,960,1407,22065,-3.58274
16,980,1407,22085,-3.67363
16,1000,1407,22105,-3.86653
16,1020,1407,22125,-3.76046
16,1040,1407,22145,-4.05749
16,1060,1407,22165,-3.77552
16,1080,1407,22185,-3.65861
16,1100,1407,22205,-3.60808
16,1120,1407,22225,-3.74031
16,1140,1407,22245,-3.79204
16,1160,1407,22265,-3.77108
16,1180,1407,22285,-4.02224
16,1200,1407,22305,-3.93369
16,1220,1407,22325,-3.66342
16,1240,1407,22345,-4.09276
16,1260,1407,22365,-3.60569
16,1280,1407,22385,-3.72106
16,1300,1407,22405,-3.74266
16,1320,1407,22425,-3.86099
16,1340,1407,22445,-3.85537
16,1360,1407,22465,-4.26519
16,1380,1407,22485,-4.22438
16,1400,1407,22505,-3.7824
16,1407,1407,22512,-3.85115
17,20,1407,22532,-4.15377
17,40,1407,22552,-4.30076
17,60,1407,22572,-3.77857
17,80,1407,22592,-3.66284
17,100,1407,22612,-3.96106
17,120,1407,22632,-3.75868
17,140,1407,22652,-3.58287
17,160,1407,22672,-3.7934
17,180,1407,22692,-3.70752
17,200,1407,22712,-4.11282
17,220,1407,22732,-3.27589
17,240,1407,22752,-3.63663
17,260,1407,22772,-3.82344
17,280,1407,22792,-2.0574
17,300,1407,22812,-3.86053
17,320,1407,22832,-3.76789
17,340,1407,22852,-3.86759
17,360,1407,22872,-3.60507
17,380,1407,22892,-3.19751
17,400,1407,22912,-2.26001
17,420,1407,22932,-3.59867
17,440,1407,22952,-3.6558
17,460,1407,22972,-4.09625
17,480,1407,22992,-3.9198
17,500,1407,23012,-4.05429
17,520,1407,23032,-3.94817
17,540,1407,23052,-3.7583
17,560,1407,23072,-3.88268
17,580,1407,23092,-3.71273
17,600,1407,23112,-3.70532
17,620,1407,23132,-3.99613
17,640,1407,23152,-3.94751
17,660,1407,23172,-3.43083
17,680,1407,23192,-3.85394
17,700,1407,23212,-3.46528
17,720,1407,23232,-3.43768
17,740,1407,23252,-3.60735
17,760,1407,23272,-3.5896
17,780,1407,23292,-3.77968
17,800,1407,23312,-3.74986
17,820,1407,23332,-4.19182
17,840,1407,23352,-3.47731
17,860,1407,23372,-3.96042
17,880,1407,23392,-3.92751
17,900,1407,23412,-4.17394
17,920,1407,23432,-3.59612
17,940,1407,23452,-3.61657
17,960,1407,23472,-3.63436
17,980,1407,23492,-3.7887
17,1000,1407,23512,-3.7221
17,1020,1407,23532,-4.02867
17,1040,1407,23552,-3.55084
17,1060,1407,23572,-3.60998
17,1080,1407,23592,-3.81339
17,1100,1407,23612,-3.80207
17,1120,1407,23632,-3.69591
17,1140,1407,23652,-3.61396
17,1160,1407,23672,-3.84831
17,1180,1407,23692,-3.74631
17,1200,1407,23712,-3.61407
17,1220,1407,23732,-4.24047
17,1240,1407,23752,-3.44518
17,1260,1407,23772,-3.70026
17,1280,1407,23792,-3.83113
17,1300,1407,23812,-3.62058
17,1320,1407,23832,-3.85774
17,1340,1407,23852,-4.03293
17,1360,1407,23872,-3.76869
17,1380,1407,23892,-3.58478
17,1400,1407,23912,-3.99413
17,1407,1407,23919,-3.67558
18,20,1407,23939,-3.78696
18,40,1407,23959,-3.93109
18,60,1407,23979,-1.58057
18,80,1407,23999,-3.82762
18,100,1407,24019,-3.95339
18,120,1407,24039,-3.94155
18,140,1407,24059,-3.64805
18,160,1407,24079,-4.06041
18,180,1407,24099,-3.86531
18,200,1407,24119,-3.92073
18,220,1407,24139,-4.04678
18,240,1407,24159,-3.87276
18,260,1407,24179,-3.95714
18,280,1407,24199,-4.0155
18,300,1407,24219,-4.16569
18,320,1407,24239,-3.63772
18,340,1407,24259,-3.6458
18,360,1407,24279,-4.19757
18,380,1407,24299,-3.67945
18,400,1407,24319,-3.73823
18,420,1407,24339,-3.87584
18,440,1407,24359,-4.05394
18,460,1407,24379,-3.99091
18,480,1407,24399,-4.08683
18,500,1407,24419,-4.05644
18,520,1407,24439,-3.65306
18,540,1407,24459,-3.80278
18,560,1407,24479,-3.50385
18,580,1407,24499,-1.45466
18,600,1407,24519,-3.67369
18,620,1407,24539,-3.46586
18,640,1407,24559,-3.59701
18,660,1407,24579,-3.88106
18,680,1407,24599,-4.20613
18,700,1407,24619,-3.8168
18,720,1407,24639,-3.78116
18,740,1407,24659,-3.64164
18,760,1407,24679,-3.91086
18,780,1407,24699,-3.90424
18,800,1407,24719,-3.68979
18,820,1407,24739,-3.93318
18,840,1407,24759,-3.61302
18,860,1407,24779,-3.55452
18,880,1407,24799,-3.59806
18,900,1407,24819,-3.88276
18,920,1407,24839,-3.65159
18,940,1407,24859,-4.0092
18,960,1407,24879,-4.02384
18,980,1407,24899,-4.35642
18,1000,1407,24919,-3.86835
18,1020,1407,24939,-4.16243
18,1040,1407,24959,-3.55684
18,1060,1407,24979,-3.81426
18,1080,1407,24999,-3.70611
18,1100,1407,25019,-3.65298
18,1120,1407,25039,-3.62515
18,1140,1407,25059,-3.79318
18,1160,1407,25079,-3.93337
18,1180,1407,25099,-3.45735
18,1200,1407,25119,-3.80295
18,1220,1407,25139,-3.74264
18,1240,1407,25159,-3.97782
18,1260,1407,25179,-3.57869
18,1280,1407,25199,-3.82373
18,1300,1407,25219,-4.06158
18,1320,1407,25239,-3.89361
18,1340,1407,25259,-3.60805
18,1360,1407,25279,-3.93101
18,1380,1407,25299,-3.89113
18,1400,1407,25319,-3.74432
18,1407,1407,25326,-3.55839
19,20,1407,25346,-3.68423
19,40,1407,25366,-3.78957
19,60,1407,25386,-3.48399
19,80,1407,25406,-3.43714
19,100,1407,25426,-3.96993
19,120,1407,25446,-3.5448
19,140,1407,25466,-3.69747
19,160,1407,25486,-4.05256
19,180,1407,25506,-3.80017
19,200,1407,25526,-3.90857
19,220,1407,25546,-3.87754
19,240,1407,25566,-3.93805
19,260,1407,25586,-3.86454
19,280,1407,25606,-3.94355
19,300,1407,25626,-3.75752
19,320,1407,25646,-4.02577
19,340,1407,25666,-3.99625
19,360,1407,25686,-3.75577
19,380,1407,25706,-3.44826
19,400,1407,25726,-3.93136
19,420,1407,25746,-3.72263
19,440,1407,25766,-3.60401
19,460,1407,25786,-3.82943
19,480,1407,25806,-4.09085
19,500,1407,25826,-4.14105
19,520,1407,25846,-3.77056
19,540,1407,25866,-4.06291
19,560,1407,25886,-3.77073
19,580,1407,25906,-3.99858
19,600,1407,25926,-3.95302
19,620,1407,25946,-3.80427
19,640,1407,25966,-4.1907
19,660,1407,25986,-4.15068
19,680,1407,26006,-4.01668
19,700,1407,26026,-3.63457
19,720,1407,26046,-4.04665
19,740,1407,26066,-3.52119
19,760,1407,26086,-3.80828
19,780,1407,26106,-3.90714
19,800,1407,26126,-4.19236
19,820,1407,26146,-4.03064
19,840,1407,26166,-3.99247
19,860,1407,26186,-3.86242
19,880,1407,26206,-4.1798
19,900,1407,26226,-3.7675
19,920,1407,26246,-3.8833
19,940,1407,26266,-4.30633
19,960,1407,26286,-1.51543
19,980,1407,26306,-3.68235
19,1000,1407,26326,-3.93556
19,1020,1407,26346,-3.64731
19,1040,1407,26366,-3.95107
19,1060,1407,26386,-3.76177
19,1080,1407,26406,-3.5508
19,1100,1407,26426,-3.63323
19,1120,1407,26446,-3.93584
19,1140,1407,26466,-3.95835
19,1160,1407,26486,-4.11324
19,1180,1407,26506,-4.01103
19,1200,1407,26526,-3.94783
19,1220,1407,26546,-3.97633
19,1240,1407,26566,-3.77655
19,1260,1407,26586,-4.1741
19,1280,1407,26606,-4.06209
19,1300,1407,26626,-3.57921
19,1320,1407,26646,-4.05918
19,1340,1407,26666,-4.1158
19,1360,1407,26686,-4.15214
19,1380,1407,26706,-3.8349
19,1400,1407,26726,-3.84634
19,1407,1407,26733,-3.95191
20,20,1407,26753,-3.47268
20,40,1407,26773,-4.17332
20,60,1407,26793,-4.29812
20,80,1407,26813,-3.95009
20,100,1407,26833,-4.03896
20,120,1407,26853,-3.62353
20,140,1407,26873,-3.75758
20,160,1407,26893,-3.82456
20,180,1407,26913,-3.60394
20,200,1407,26933,-3.69563
20,220,1407,26953,-3.75114
20,240,1407,26973,-3.82812
20,260,1407,26993,-3.73322
20,280,1407,27013,-3.9273
20,300,1407,27033,-3.71259
20,320,1407,27053,-3.99705
20,340,1407,27073,-4.16652
20,360,1407,27093,-3.77284
20,380,1407,27113,-3.60335
20,400,1407,27133,-3.6071
20,420,1407,27153,-3.67598
20,440,1407,27173,-4.36391
20,460,1407,27193,-3.92376
20,480,1407,27213,-4.14105
20,500,1407,27233,-3.72634
20,520,1407,27253,-3.80324
20,540,1407,27273,-3.868
20,560,1407,27293,-3.55652
20,580,1407,27313,-3.97723
20,600,1407,27333,-3.9318
20,620,1407,27353,-4.09946
20,640,1407,27373,-3.03611
20,660,1407,27393,-3.56498
20,680,1407,27413,-3.75677
20,700,1407,27433,-3.64382
20,720,1407,27453,-3.72814
20,740,1407,27473,-3.66657
20,760,1407,27493,-3.38079
20,780,1407,27513,-3.74474
20,800,1407,27533,-3.8212
20,820,1407,27553,-3.66584
20,840,1407,27573,-2.76274
20,860,1407,27593,-4.03622
20,880,1407,27613,-3.83972
20,900,1407,27633,-3.80886
20,920,1407,27653,-3.81531
20,940,1407,27673,-3.64957
20,960,1407,27693,-3.922
20,980,1407,27713,-4.16001
20,1000,1407,27733,-3.97387
20,1020,1407,27753,-3.7851
20,1040,1407,27773,-3.88245
20,1060,1407,27793,-3.75087
20,1080,1407,27813,-3.29668
20,1100,1407,27833,-3.75145
20,1120,1407,27853,-4.06286
20,1140,1407,27873,-3.91446
20,1160,1407,27893,-3.69489
20,1180,1407,27913,-3.9757
20,1200,1407,27933,-4.17809
20,1220,1407,27953,-4.09978
20,1240,1407,27973,-3.76576
20,1260,1407,27993,-3.49558
20,1280,1407,28013,-3.98385
20,1300,1407,28033,-3.82178
20,1320,1407,28053,-3.6277
20,1340,1407,28073,-3.77934
20,1360,1407,28093,-3.73202
20,1380,1407,28113,-3.87939
20,1400,1407,28133,-3.78811
20,1407,1407,28140,-3.25447
21,20,1407,28160,-3.99917
21,40,1407,28180,-3.91886
21,60,1407,28200,-3.48089
21,80,1407,28220,-3.77096
21,100,1407,28240,-4.00756
21,120,1407,28260,-3.74426
21,140,1407,28280,-3.91803
21,160,1407,28300,-3.66544
21,180,1407,28320,-3.93269
21,200,1407,28340,-3.94606
21,220,1407,28360,-3.7396
21,240,1407,28380,-3.95207
21,260,1407,28400,-3.84823
21,280,1407,28420,-4.18446
21,300,1407,28440,-4.30799
21,320,1407,28460,-3.79764
21,340,1407,28480,-3.84305
21,360,1407,28500,-4.23472
21,380,1407,28520,-3.77667
21,400,1407,28540,-4.03478
21,420,1407,28560,-3.95889
21,440,1407,28580,-3.75515
21,460,1407,28600,-3.95828
21,480,1407,28620,-3.79542
21,500,1407,28640,-4.04456
21,520,1407,28660,-3.44253
21,540,1407,28680,-4.34461
21,560,1407,28700,-3.87262
21,580,1407,28720,-3.77863
21,600,1407,28740,-3.67651
21,620,1407,28760,-4.04759
21,640,1407,28780,-4.00851
21,660,1407,28800,-3.62827
21,680,1407,28820,-4.13488
21,700,1407,28840,-0.92506
21,720,1407,28860,-3.64322
21,740,1407,28880,-3.98432
21,760,1407,28900,-4.17171
21,780,1407,28920,-3.72218
21,800,1407,28940,-4.02942
21,820,1407,28960,-3.99879
21,840,1407,28980,-4.03517
21,860,1407,29000,-4.1556
21,880,1407,29020,-3.74613
21,900,1407,29040,-3.93677
21,920,1407,29060,-4.2958
21,940,1407,29080,-4.18326
21,960,1407,29100,-4.02943
21,980,1407,29120,-3.91651
21,1000,1407,29140,-4.11221
21,1020,1407,29160,-3.81148
21,1040,1407,29180,-4.02069
21,1060,1407,29200,-3.70782
21,1080,1407,29220,-3.7975
21,1100,1407,29240,-4.20238
21,1120,1407,29260,-3.4675
21,1140,1407,29280,-3.71303
21,1160,1407,29300,-3.75262
21,1180,1407,29320,-3.9943
21,1200,1407,29340,-3.7946
21,1220,1407,29360,-3.87944
21,1240,1407,29380,-3.74576
21,1260,1407,29400,-3.94654
21,1280,1407,29420,-4.13007
21,1300,1407,29440,-3.91095
21,1320,1407,29460,-3.52957
21,1340,1407,29480,-3.72856
21,1360,1407,29500,-3.48731
21,1380,1407,29520,-4.05171
21,1400,1407,29540,-4.19639
21,1407,1407,29547,-3.5238
22,20,1407,29567,-3.06322
22,40,1407,29587,-4.00204
22,60,1407,29607,-3.97757
22,80,1407,29627,-4.0457
22,100,1407,29647,-4.21263
22,120,1407,29667,-4.07885
22,140,1407,29687,-3.98793
22,160,1407,29707,-3.43781
22,180,1407,29727,-3.98786
22,200,1407,29747,-3.98286
22,220,1407,29767,-3.81166
22,240,1407,29787,-3.5419
22,260,1407,29807,-4.41078
22,280,1407,29827,-3.58776
22,300,1407,29847,-3.7847
22,320,1407,29867,-4.22382
22,340,1407,29887,-4.04683
22,360,1407,29907,-3.85608
22,380,1407,29927,-3.94484
22,400,1407,29947,-3.37108
22,420,1407,29967,-4.08721
22,440,1407,29987,-3.90572
22,460,1407,30007,-4.32776
22,480,1407,30027,-3.89808
22,500,1407,30047,-4.21204
22,520,1407,30067,-4.17328
22,540,1407,30087,-4.08836
22,560,1407,30107,-3.46044
22,580,1407,30127,-3.90308
22,600,1407,30147,-3.96893
22,620,1407,30167,-4.37132
22,640,1407,30187,-4.10902
22,660,1407,30207,-4.43003
22,680,1407,30227,-3.76072
22,700,1407,30247,-3.78367
22,720,1407,30267,-3.49452
22,740,1407,30287,-4.0177
22,760,1407,30307,-4.10273
22,780,1407,30327,-3.8495
22,800,1407,30347,-4.15408
22,820,1407,30367,-3.87056
22,840,1407,30387,-4.07056
22,860,1407,30407,-4.23744
22,880,1407,30427,-4.25384
22,900,1407,30447,-4.09331
22,920,1407,30467,-3.98304
22,940,1407,30487,-3.75615
22,960,1407,30507,-4.14812
22,980,1407,30527,-4.17311
22,1000,1407,30547,-3.73449
22,1020,1407,30567,-2.79793
22,1040,1407,30587,-4.0508
22,1060,1407,30607,-1.7482
22,1080,1407,30627,-3.68674
22,1100,1407,30647,-4.15231
22,1120,1407,30667,-3.53742
22,1140,1407,30687,-3.59373
22,1160,1407,30707,-4.43404
22,1180,1407,30727,-3.81009
22,1200,1407,30747,-3.81227
22,1220,1407,30767,-4.19144
22,1240,1407,30787,-3.99664
22,1260,1407,30807,-3.75145
22,1280,1407,30827,-2.64188
22,1300,1407,30847,-4.01246
22,1320,1407,30867,-3.88338
22,1340,1407,30887,-4.03561
22,1360,1407,30907,-3.98933
22,1380,1407,30927,-3.97151
22,1400,1407,30947,-3.88506
22,1407,1407,30954,-4.27559
23,20,1407,30974,-3.86741
23,40,1407,30994,-3.60963
23,60,1407,31014,-3.87479
23,80,1407,31034,-4.32222
23,100,1407,31054,-4.04934
23,120,1407,31074,-3.60046
23,140,1407,31094,-4.32057
23,160,1407,31114,-3.97987
23,180,1407,31134,-3.90022
23,200,1407,31154,-3.86233
23,220,1407,31174,-3.77784
23,240,1407,31194,-3.87328
23,260,1407,31214,-3.83239
23,280,1407,31234,-4.2399
23,300,1407,31254,-4.28596
23,320,1407,31274,-4.22147
23,340,1407,31294,-0.11333
23,360,1407,31314,-4.17903
23,380,1407,31334,-4.46724
23,400,1407,31354,-4.13323
23,420,1407,31374,-3.65434
23,440,1407,31394,-4.00082
23,460,1407,31414,-4.0153
23,480,1407,31434,-3.62221
23,500,1407,31454,-4.00255
23,520,1407,31474,-3.90248
23,540,1407,31494,-3.84596
23,560,1407,31514,-3.85429
23,580,1407,31534,-4.32449
23,600,1407,31554,-4.19377
23,620,1407,31574,-3.66652
23,640,1407,31594,-4.01366
23,660,1407,31614,-3.8057
23,680,1407,31634,-3.48367
23,700,1407,31654,-3.72894
23,720,1407,31674,-3.83702
23,740,1407,31694,-4.2511
23,760,1407,31714,-3.97115
23,780,1407,31734,-3.9032
23,800,1407,31754,-3.75198
23,820,1407,31774,-3.93685
23,840,1407,31794,-3.80583
23,860,1407,31814,-4.0564
23,880,1407,31834,-4.25829
23,900,1407,31854,-4.01291
23,920,1407,31874,-4.1818
23,940,1407,31894,-4.1137
23,960,1407,31914,-3.89348
23,980,1407,31934,-3.95806
23,1000,1407,31954,-3.87585
23,1020,1407,31974,-3.99981
23,1040,1407,31994,-4.00669
23,1060,1407,32014,-4.06282
23,1080,1407,32034,-3.89211
23,1100,1407,32054,-3.67437
23,1120,1407,32074,-3.60361
23,1140,1407,32094,-4.09073
23,1160,1407,32114,-3.9155
23,1180,1407,32134,-4.18446
23,1200,1407,32154,-4.15211
23,1220,1407,32174,-4.09778
23,1240,1407,32194,-4.1442
23,1260,1407,32214,-3.85123
23,1280,1407,32234,-4.01871
23,1300,1407,32254,-3.97903
23,1320,1407,32274,-3.71709
23,1340,1407,32294,-4.3299
23,1360,1407,32314,-3.73208
23,1380,1407,32334,-3.76294
23,1400,1407,32354,-3.25546
23,1407,1407,32361,-3.79918
24,20,1407,32381,-3.93183
24,40,1407,32401,-4.03896
24,60,1407,32421,-4.05917
24,80,1407,32441,-3.92778
24,100,1407,32461,-3.76605
24,120,1407,32481,-4.29121
24,140,1407,32501,-2.20367
24,160,1407,32521,-3.894
24,180,1407,32541,-4.17237
24,200,1407,32561,-4.13651
24,220,1407,32581,-3.72029
24,240,1407,32601,-4.07843
24,260,1407,32621,-4.0815
24,280,1407,32641,-3.45515
24,300,1407,32661,-4.34023
24,320,1407,32681,-4.15671
24,340,1407,32701,-4.29154
24,360,1407,32721,-3.85967
24,380,1407,32741,-4.00307
24,400,1407,32761,-3.55814
24,420,1407,32781,-4.00068
24,440,1407,32801,-4.02799
24,460,1407,32821,-3.95364
24,480,1407,32841,-4.11922
24,500,1407,32861,-3.86751
24,520,1407,32881,-4.21971
24,540,1407,32901,-4.10514
24,560,1407,32921,-3.9726
24,580,1407,32941,-4.24849
24,600,1407,32961,-3.8419
24,620,1407,32981,-4.00329
24,640,1407,33001,-3.80325
24,660,1407,33021,-4.08628
24,680,1407,33041,-4.11057
24,700,1407,33061,-4.28136
24,720,1407,33081,-4.29681
24,740,1407,33101,-3.96882
24,760,1407,33121,-4.26703
24,780,1407,33141,-3.94688
24,800,1407,33161,-4.10452
24,820,1407,33181,-4.2132
24,840,1407,33201,-4.15073
24,860,1407,33221,-4.40692
24,880,1407,33241,-4.56811
24,900,1407,33261,-3.95058
24,920,1407,33281,-4.12574
24,940,1407,33301,-4.24352
24,960,1407,33321,-3.97224
24,980,1407,33341,-3.99172
24,1000,1407,33361,-3.51688
24,1020,1407,33381,-4.13349
24,1040,1407,33401,-4.07304
24,1060,1407,33421,-3.9934
24,1080,1407,33441,-3.79341
24,1100,1407,33461,-4.30226
24,1120,1407,33481,-3.80319
24,1140,1407,33501,-4.13206
24,1160,1407,33521,-3.52003
24,1180,1407,33541,-4.2505
24,1200,1407,33561,-3.94306
24,1220,1407,33581,-4.11809
24,1240,1407,33601,-4.02077
24,1260,1407,33621,-4.25306
24,1280,1407,33641,-4.1715
24,1300,1407,33661,-4.00459
24,1320,1407,33681,-4.1481
24,1340,1407,33701,-3.90303
24,1360,1407,33721,-3.88892
24,1380,1407,33741,-3.93591
24,1400,1407,33761,-4.02789
24,1407,1407,33768,-4.41789
25,20,1407,33788,-3.90149
25,40,1407,33808,-3.83716
25,60,1407,33828,-4.01905
25,80,1407,33848,-3.69836
25,100,1407,33868,-3.74722
25,120,1407,33888,-4.39683
25,140,1407,33908,-3.68406
25,160,1407,33928,-4.14363
25,180,1407,33948,-3.59223
25,200,1407,33968,-4.1294
25,220,1407,33988,-4.16558
25,240,1407,34008,-4.05823
25,260,1407,34028,-4.14764
25,280,1407,34048,-3.88583
25,300,1407,34068,-3.90419
25,320,1407,34088,-3.98666
25,340,1407,34108,-3.72323
25,360,1407,34128,-4.23069
25,380,1407,34148,-3.87953
25,400,1407,34168,-3.56888
25,420,1407,34188,-4.13751
25,440,1407,34208,-3.71889
25,460,1407,34228,-3.80175
25,480,1407,34248,-4.20315
25,500,1407,34268,-4.07453
25,520,1407,34288,-4.14821
25,540,1407,34308,-3.84891
25,560,1407,34328,-4.25167
25,580,1407,34348,-4.43783
25,600,1407,34368,-3.99019
25,620,1407,34388,-3.72818
25,640,1407,34408,-4.23977
25,660,1407,34428,-4.27566
25,680,1407,34448,-4.14943
25,700,1407,34468,1.11097
25,720,1407,34488,-4.44459
25,740,1407,34508,-0.39416
25,760,1407,34528,-3.90864
25,780,1407,34548,-4.41629
25,800,1407,34568,-3.83612
25,820,1407,34588,-4.64846
25,840,1407,34608,-4.07271
25,860,1407,34628,-4.07874
25,880,1407,34648,-4.22036
25,900,1407,34668,-4.3325
25,920,1407,34688,-4.22097
25,940,1407,34708,-3.8106
25,960,1407,34728,-3.82586
25,980,1407,34748,-3.98938
25,1000,1407,34768,-4.32169
25,1020,1407,34788,-4.01942
25,1040,1407,34808,-4.3022
25,1060,1407,34828,-3.97659
25,1080,1407,34848,-3.85011
25,1100,1407,34868,-3.99964
25,1120,1407,34888,-3.89078
25,1140,1407,34908,-3.79478
25,1160,1407,34928,-4.4102
25,1180,1407,34948,-4.20037
25,1200,1407,34968,-3.89328
25,1220,1407,34988,-3.76493
25,1240,1407,35008,-3.74738
25,1260,1407,35028,-4.67974
25,1280,1407,35048,-4.20398
25,1300,1407,35068,-3.82418
25,1320,1407,35088,-3.79192
25,1340,1407,35108,-4.15073
25,1360,1407,35128,-4.06158
25,1380,1407,35148,-4.25782
25,1400,1407,35168,-4.17278
25,1407,1407,35175,-3.69818
26,20,1407,35195,-4.29591
26,40,1407,35215,-4.09887
26,60,1407,35235,-3.91809
26,80,1407,35255,-4.00622
26,100,1407,35275,-4.04987
26,120,1407,35295,-2.04652
26,140,1407,35315,-3.92213
26,160,1407,35335,-3.8723
26,180,1407,35355,-4.0136
26,200,1407,35375,-4.48382
26,220,1407,35395,-3.74888
26,240,1407,35415,-3.89487
26,260,1407,35435,-3.99642
26,280,1407,35455,-3.80151
26,300,1407,35475,-3.96943
26,320,1407,35495,-4.34635
26,340,1407,35515,-3.78229
26,360,1407,35535,-4.2611
26,380,1407,35555,-4.57461
26,400,1407,35575,-3.82873
26,420,1407,35595,-3.99745
26,440,1407,35615,-4.08109
26,460,1407,35635,-3.87508
26,480,1407,35655,-3.77206
26,500,1407,35675,-3.97463
26,520,1407,35695,-4.10848
26,540,1407,35715,-3.951
26,560,1407,35735,-3.82101
26,580,1407,35755,-4.28466
26,600,1407,35775,-4.18457
26,620,1407,35795,-4.12447
26,640,1407,35815,-3.91611
26,660,1407,35835,-4.29344
26,680,1407,35855,-4.1196
26,700,1407,35875,-3.93807
26,720,1407,35895,-4.21036
26,740,1407,35915,-3.76285
26,760,1407,35935,-3.67873
26,780,1407,35955,-3.90427
26,800,1407,35975,-3.59448
26,820,1407,35995,-3.72945
26,840,1407,36015,-3.99674
26,860,1407,36035,-3.85976
26,880,1407,36055,-4.01543
26,900,1407,36075,-4.12521
26,920,1407,36095,-4.11704
26,940,1407,36115,-4.14062
26,960,1407,36135,-3.83228
26,980,1407,36155,-4.47157
26,1000,1407,36175,-4.334
26,1020,1407,36195,-4.40343
26,1040,1407,36215,-3.999
26,1060,1407,36235,-4.00668
26,1080,1407,36255,-3.65968
26,1100,1407,36275,-4.15945
26,1120,1407,36295,-4.30119
26,1140,1407,36315,-4.21557
26,1160,1407,36335,-4.21707
26,1180,1407,36355,-4.07854
26,1200,1407,36375,-4.12576
26,1220,1407,36395,-3.92132
26,1240,1407,36415,-4.05485
26,1260,1407,36435,-3.89238
26,1280,1407,36455,-4.21539
26,1300,1407,36475,-4.01459
26,1320,1407,36495,-3.95334
26,1340,1407,36515,-4.10459
26,1360,1407,36535,-3.80414
26,1380,1407,36555,-4.10573
26,1400,1407,36575,-4.41518
26,1407,1407,36582,-4.22718
27,20,1407,36602,-3.62457
27,40,1407,36622,-4.22502
27,60,1407,36642,-3.7188
27,80,1407,36662,-3.86288
27,100,1407,36682,-4.00835
27,120,1407,36702,-3.87512
27,140,1407,36722,-3.64089
27,160,1407,36742,-4.23749
27,180,1407,36762,-4.04841
27,200,1407,36782,-3.98091
27,220,1407,36802,-3.92338
27,240,1407,36822,-3.92264
27,260,1407,36842,-3.94166
27,280,1407,36862,-4.36642
27,300,1407,36882,-4.00238
27,320,1407,36902,-3.86214
27,340,1407,36922,-4.07415
27,360,1407,36942,-4.01558
27,380,1407,36962,-3.95433
27,400,1407,36982,-4.08535
27,420,1407,37002,-4.60944
27,440,1407,37022,-3.88036
27,460,1407,37042,-4.06357
27,480,1407,37062,-4.03197
27,500,1407,37082,-3.96991
27,520,1407,37102,-4.02006
27,540,1407,37122,-4.11902
27,560,1407,37142,-4.00583
27,580,1407,37162,-4.16494
27,600,1407,37182,-3.85455
27,620,1407,37202,-4.13416
27,640,1407,37222,-4.15316
27,660,1407,37242,-4.00332
27,680,1407,37262,-4.47017
27,700,1407,37282,-4.52099
27,720,1407,37302,-3.79758
27,740,1407,37322,-3.48534
27,760,1407,37342,-4.14379
27,780,1407,37362,-4.30362
27,800,1407,37382,-3.65673
27,820,1407,37402,-4.205
27,840,1407,37422,-3.99803
27,860,1407,37442,-4.14109
27,880,1407,37462,-3.73193
27,900,1407,37482,-3.18644
27,920,1407,37502,-3.8872
27,940,1407,37522,-3.93671
27,960,1407,37542,-4.02145
27,980,1407,37562,-4.15861
27,1000,1407,37582,-4.20992
27,1020,1407,37602,-4.12974
27,1040,1407,37622,-4.49419
27,1060,1407,37642,-4.02558
27,1080,1407,37662,-4.08835
27,1100,1407,37682,-3.94286
27,1120,1407,37702,-3.78845
27,1140,1407,37722,-3.89656
27,1160,1407,37742,-4.15608
27,1180,1407,37762,-4.04953
27,1200,1407,37782,-4.32872
27,1220,1407,37802,-4.0298
27,1240,1407,37822,-3.90155
27,1260,1407,37842,-4.30178
27,1280,1407,37862,-3.98305
27,1300,1407,37882,-3.75312
27,1320,1407,37902,-3.82499
27,1340,1407,37922,-4.25536
27,1360,1407,37942,-4.22015
27,1380,1407,37962,-4.18748
27,1400,1407,37982,-3.9644
27,1407,1407,37989,-3.40204
28,20,1407,38009,-3.58552
28,40,1407,38029,-4.00848
28,60,1407,38049,-4.19023
28,80,1407,38069,-4.24571
28,100,1407,38089,-3.78417
28,120,1407,38109,-3.86419
28,140,1407,38129,-4.21957
28,160,1407,38149,-4.09686
28,180,1407,38169,-3.82094
28,200,1407,38189,-4.45547
28,220,1407,38209,-3.80332
28,240,1407,38229,-4.21963
28,260,1407,38249,-4.3579
28,280,1407,38269,-4.42288
28,300,1407,38289,-4.10383
28,320,1407,38309,-4.3244
28,340,1407,38329,-4.01299
28,360,1407,38349,-3.86502
28,380,1407,38369,-4.61998
28,400,1407,38389,-4.05366
28,420,1407,38409,-4.11464
28,440,1407,38429,-4.56587
28,460,1407,38449,-4.33407
28,480,1407,38469,-3.6892
28,500,1407,38489,-4.46016
28,520,1407,38509,-2.97532
28,540,1407,38529,-4.09669
28,560,1407,38549,-3.91684
28,580,1407,38569,-3.98621
28,600,1407,38589,-3.95537
28,620,1407,38609,-4.0864
28,640,1407,38629,-3.89747
28,660,1407,38649,-3.98122
28,680,1407,38669,-4.09741
28,700,1407,38689,-3.98419
28,720,1407,38709,-3.93993
28,740,1407,38729,-3.90411
28,760,1407,38749,-4.10515
28,780,1407,38769,-4.37333
28,800,1407,38789,-3.96178
28,820,1407,38809,-0.85626
28,840,1407,38829,-3.95774
28,860,1407,38849,-3.74347
28,880,1407,38869,-4.34825
28,900,1407,38889,-4.00694
28,920,1407,38909,-3.8409
28,940,1407,38929,-3.93446
28,960,1407,38949,-4.31924
28,980,1407,38969,-4.29027
28,1000,1407,38989,-3.97175
28,1020,1407,39009,-3.96534
28,1040,1407,39029,-3.7771
28,1060,1407,39049,-3.99376
28,1080,1407,39069,-3.77692
28,1100,1407,39089,-3.68312
28,1120,1407,39109,-4.01695
28,1140,1407,39129,-4.17974
28,1160,1407,39149,-4.38823
28,1180,1407,39169,-4.27259
28,1200,1407,39189,-3.85459
28,1220,1407,39209,-4.15738
28,1240,1407,39229,-3.73455
28,1260,1407,39249,-4.35007
28,1280,1407,39269,-4.4466
28,1300,1407,39289,-4.16305
28,1320,1407,39309,-3.94178
28,1340,1407,39329,-3.99785
28,1360,1407,39349,-4.28103
28,1380,1407,39369,-4.32286
28,1400,1407,39389,-3.89384
28,1407,1407,39396,-4.60474
29,20,1407,39416,-4.091
29,40,1407,39436,-4.02412
29,60,1407,39456,-4.17979
29,80,1407,39476,-4.391
29,100,1407,39496,-4.23526
29,120,1407,39516,-4.18704
29,140,1407,39536,-4.07379
29,160,1407,39556,-4.33263
29,180,1407,39576,-3.76375
29,200,1407,39596,-3.93273
29,220,1407,39616,-4.19098
29,240,1407,39636,-3.70893
29,260,1407,39656,-4.04159
29,280,1407,39676,-3.98081
29,300,1407,39696,-3.7639
29,320,1407,39716,-4.27053
29,340,1407,39736,-3.59784
29,360,1407,39756,-4.1253
29,380,1407,39776,-3.87979
29,400,1407,39796,-4.24906
29,420,1407,39816,-3.85423
29,440,1407,39836,-4.09654
29,460,1407,39856,-4.00697
29,480,1407,39876,-3.85226
29,500,1407,39896,-3.79751
29,520,1407,39916,-3.67428
29,540,1407,39936,-4.37532
29,560,1407,39956,-3.89455
29,580,1407,39976,-4.29396
29,600,1407,39996,-4.14761
29,620,1407,40016,-4.16462
29,640,1407,40036,-4.08269
29,660,1407,40056,-3.52926
29,680,1407,40076,-3.88998
29,700,1407,40096,-3.75731
29,720,1407,40116,-4.25409
29,740,1407,40136,-4.31492
29,760,1407,40156,-4.21893
29,780,1407,40176,-4.05158
29,800,1407,40196,-4.15404
29,820,1407,40216,-4.14193
29,840,1407,40236,-4.21345
29,860,1407,40256,-4.03634
29,880,1407,40276,-4.2177
29,900,1407,40296,-4.07061
29,920,1407,40316,-4.1366
29,940,1407,40336,-4.00482
29,960,1407,40356,-4.11767
29,980,1407,40376,-4.10244
29,1000,1407,40396,-4.01057
29,1020,1407,40416,-4.46079
29,1040,1407,40436,-4.47469
29,1060,1407,40456,-4.05518
29,1080,1407,40476,-3.93906
29,1100,1407,40496,-4.42341
29,1120,1407,40516,-4.49349
29,1140,1407,40536,-3.85982
29,1160,1407,40556,-4.14389
29,1180,1407,40576,-3.99281
29,1200,1407,40596,-4.07381
29,1220,1407,40616,-4.10743
29,1240,1407,40636,-4.07131
29,1260,1407,40656,-4.12099
29,1280,1407,40676,-4.60298
29,1300,1407,40696,-4.18324
29,1320,1407,40716,-3.99558
29,1340,1407,40736,-3.92827
29,1360,1407,40756,-4.14349
29,1380,1407,40776,-1.46754
29,1400,1407,40796,-4.08845
29,1407,1407,40803,-3.41048
30,20,1407,40823,-4.12741
30,40,1407,40843,-4.16519
30,60,1407,40863,-3.92852
30,80,1407,40883,-3.92357
30,100,1407,40903,-4.38486
30,120,1407,40923,-4.15051
30,140,1407,40943,-3.99808
30,160,1407,40963,-3.88967
30,180,1407,40983,-4.3812
30,200,1407,41003,-4.53997
30,220,1407,41023,-3.8972
30,240,1407,41043,-4.55885
30,260,1407,41063,-4.32744
30,280,1407,41083,-4.07102
30,300,1407,41103,-4.2396
30,320,1407,41123,-4.09327
30,340,1407,41143,-4.3212
30,360,1407,41163,-4.14484
30,380,1407,41183,-3.89168
30,400,1407,41203,-3.97297
30,420,1407,41223,-4.07369
30,440,1407,41243,-4.29297
30,460,1407,41263,-4.49199
30,480,1407,41283,-4.17297
30,500,1407,41303,-4.0504
30,520,1407,41323,-4.05198
30,540,1407,41343,-4.15206
30,560,1407,41363,-4.25605
30,580,1407,41383,-4.28818
30,600,1407,41403,-4.47167
30,620,1407,41423,-4.29183
30,640,1407,41443,-4.37102
30,660,1407,41463,-4.19098
30,680,1407,41483,-3.90663
30,700,1407,41503,-4.15477
30,720,1407,41523,-3.76927
30,740,1407,41543,-4.21189
30,760,1407,41563,-4.25364
30,780,1407,41583,-4.0483
30,800,1407,41603,-4.30527
30,820,1407,41623,-4.15955
30,840,1407,41643,-4.04791
30,860,1407,41663,-4.1311
30,880,1407,41683,-4.1391
30,900,1407,41703,-4.40577
30,920,1407,41723,-3.93378
30,940,1407,41743,-4.26038
30,960,1407,41763,-4.10796
30,980,1407,41783,-3.80991
30,1000,1407,41803,-4.23075
30,1020,1407,41823,-4.45407
30,1040,1407,41843,-3.95373
30,1060,1407,41863,-3.78413
30,1080,1407,41883,-4.2165
30,1100,1407,41903,-4.55698
30,1120,1407,41923,-3.97658
30,1140,1407,41943,-4.11315
30,1160,1407,41963,-4.21988
30,1180,1407,41983,-4.0862
30,1200,1407,42003,-2.43976
30,1220,1407,42023,-3.97927
30,1240,1407,42043,-3.79562
30,1260,1407,42063,-4.45386
30,1280,1407,42083,-4.23157
30,1300,1407,42103,-4.04673
30,1320,1407,42123,-4.07186
30,1340,1407,42143,-3.99019
30,1360,1407,42163,-2.97126
30,1380,1407,42183,-4.00447
30,1400,1407,42203,-4.10005
30,1407,1407,42210,-4.54551
31,20,1407,42230,-3.96657
31,40,1407,42250,-4.17871
31,60,1407,42270,-4.2314
31,80,1407,42290,-3.88718
31,100,1407,42310,-4.72389
31,120,1407,42330,-4.35158
31,140,1407,42350,-2.64097
31,160,1407,42370,-4.01195
31,180,1407,42390,-4.32831
31,200,1407,42410,-4.07769
31,220,1407,42430,-4.04053
31,240,1407,42450,-3.94866
31,260,1407,42470,-4.09158
31,280,1407,42490,-4.27108
31,300,1407,42510,-3.11702
31,320,1407,42530,-3.97993
31,340,1407,42550,-4.26606
31,360,1407,42570,-4.37275
31,380,1407,42590,-4.37928
31,400,1407,42610,-4.12001
31,420,1407,42630,-4.1573
31,440,1407,42650,-3.80051
31,460,1407,42670,-4.20362
31,480,1407,42690,-4.02579
31,500,1407,42710,-4.0873
31,520,1407,42730,-3.97006
31,540,1407,42750,-4.14528
31,560,1407,42770,-4.21972
31,580,1407,42790,-3.96102
31,600,1407,42810,-4.18247
31,620,1407,42830,-4.19693
31,640,1407,42850,-4.05159
31,660,1407,42870,-4.38439
31,680,1407,42890,-4.05946
31,700,1407,42910,-4.21281
31,720,1407,42930,-4.42257
31,740,1407,42950,-4.69358
31,760,1407,42970,-4.10194
31,780,1407,42990,-4.1123
31,800,1407,43010,-3.96044
31,820,1407,43030,-3.97115
31,840,1407,43050,-4.69913
31,860,1407,43070,-4.35327
31,880,1407,43090,-4.15426
31,900,1407,43110,-4.33664
31,920,1407,43130,-4.23053
31,940,1407,43150,-4.0498
31,960,1407,43170,-4.16283
31,980,1407,43190,-4.01681
31,1000,1407,43210,-4.22013
31,1020,1407,43230,-4.08077
31,1040,1407,43250,-3.85533
31,1060,1407,43270,-4.18136
31,1080,1407,43290,-3.76309
31,1100,1407,43310,-4.23871
31,1120,1407,43330,-4.10039
31,1140,1407,43350,-4.00439
31,1160,1407,43370,-4.11626
31,1180,1407,43390,-4.07378
31,1200,1407,43410,-3.84892
31,1220,1407,43430,-3.79181
31,1240,1407,43450,-4.14
31,1260,1407,43470,-3.92522
31,1280,1407,43490,-4.36491
31,1300,1407,43510,-3.70066
31,1320,1407,43530,-3.994
31,1340,1407,43550,-4.28553
31,1360,1407,43570,-3.93628
31,1380,1407,43590,-4.32464
31,1400,1407,43610,-4.32426
31,1407,1407,43617,-4.18308
32,20,1407,43637,-3.91316
32,40,1407,43657,-4.12138
32,60,1407,43677,-3.64475
32,80,1407,43697,-4.12705
32,100,1407,43717,-4.54821
32,120,1407,43737,-4.06686
32,140,1407,43757,-4.14997
32,160,1407,43777,-3.85582
32,180,1407,43797,-4.0614
32,200,1407,43817,-3.73941
32,220,1407,43837,-4.39033
32,240,1407,43857,-4.42908
32,260,1407,43877,-3.98595
32,280,1407,43897,-4.21017
32,300,1407,43917,-4.14544
32,320,1407,43937,-4.22012
32,340,1407,43957,-3.88588
32,360,1407,43977,-3.80348
32,380,1407,43997,-4.33747
32,400,1407,44017,-3.94739
32,420,1407,44037,-4.13938
32,440,1407,44057,-4.13497
32,460,1407,44077,-3.82189
32,480,1407,44097,-3.82814
32,500,1407,44117,-3.9574
32,520,1407,44137,-4.39534
32,540,1407,44157,-4.04315
32,560,1407,44177,-4.44001
32,580,1407,44197,-4.28435
32,600,1407,44217,-4.34977
32,620,1407,44237,-4.36914
32,640,1407,44257,-4.2145
32,660,1407,44277,-4.10438
32,680,1407,44297,-3.90123
32,700,1407,44317,-4.35809
32,720,1407,44337,-3.89475
32,740,1407,44357,-4.29291
32,760,1407,44377,-3.87877
32,780,1407,44397,-1.61651
32,800,1407,44417,-4.28656
32,820,1407,44437,-4.16381
32,840,1407,44457,-4.09062
32,860,1407,44477,-4.21424
32,880,1407,44497,-4.48914
32,900,1407,44517,-4.00554
32,920,1407,44537,-4.16873
32,940,1407,44557,-3.87986
32,960,1407,44577,-4.15712
32,980,1407,44597,-4.32469
32,1000,1407,44617,-4.26397
32,1020,1407,44637,-3.51576
32,1040,1407,44657,-4.27
32,1060,1407,44677,-3.96779
32,1080,1407,44697,-4.054
32,1100,1407,44717,-4.26222
32,1120,1407,44737,-3.89955
32,1140,1407,44757,-4.07813
32,1160,1407,44777,-3.82623
32,1180,1407,44797,-4.3256
32,1200,1407,44817,-3.92417
32,1220,1407,44837,-4.04516
32,1240,1407,44857,-4.18013
32,1260,1407,44877,-4.03914
32,1280,1407,44897,-4.16574
32,1300,1407,44917,-4.13571
32,1320,1407,44937,-4.08991
32,1340,1407,44957,-4.00833
32,1360,1407,44977,-4.14146
32,1380,1407,44997,-4.23619
32,1400,1407,45017,-3.89545
32,1407,1407,45024,-3.85307
33,20,1407,45044,-4.45155
33,40,1407,45064,-4.32361
33,60,1407,45084,-4.09255
33,80,1407,45104,-4.19226
33,100,1407,45124,-4.1149
33,120,1407,45144,-4.3622
33,140,1407,45164,-3.98198
33,160,1407,45184,-4.24218
33,180,1407,45204,-4.01677
33,200,1407,45224,-4.17568
33,220,1407,45244,-3.89046
33,240,1407,45264,-4.38012
33,260,1407,45284,-4.43699
33,280,1407,45304,-4.09091
33,300,1407,45324,-4.78197
33,320,1407,45344,-4.32264
33,340,1407,45364,-4.0398
33,360,1407,45384,-4.75566
33,380,1407,45404,-3.62806
33,400,1407,45424,-4.29761
33,420,1407,45444,-4.08081
33,440,1407,45464,-4.21302
33,460,1407,45484,-4.16529
33,480,1407,45504,-4.21373
33,500,1407,45524,-3.94559
33,520,1407,45544,-3.79449
33,540,1407,45564,-4.02937
33,560,1407,45584,-4.44204
33,580,1407,45604,-3.81626
33,600,1407,45624,-4.70059
33,620,1407,45644,-4.0894
33,640,1407,45664,-4.13636
33,660,1407,45684,-4.05986
33,680,1407,45704,-4.29339
33,700,1407,45724,-4.42608
33,720,1407,45744,-4.05748
33,740,1407,45764,-4.12878
33,760,1407,45784,-4.00099
33,780,1407,45804,-3.92534
33,800,1407,45824,-3.85243
33,820,1407,45844,-4.26116
33,840,1407,45864,-4.04125
33,860,1407,45884,-4.17044
33,880,1407,45904,-4.15126
33,900,1407,45924,-4.08018
33,920,1407,45944,-4.02172
33,940,1407,45964,-4.03273
33,960,1407,45984,-3.91999
33,980,1407,46004,-4.05877
33,1000,1407,46024,-4.15549
33,1020,1407,46044,-4.14096
33,1040,1407,46064,-3.96791
33,1060,1407,46084,-4.24352
33,1080,1407,46104,-4.26039
33,1100,1407,46124,-4.16749
33,1120,1407,46144,-4.07052
33,1140,1407,46164,-4.50004
33,1160,1407,46184,-4.06349
33,1180,1407,46204,-4.15122
33,1200,1407,46224,-4.1707
33,1220,1407,46244,-4.10802
33,1240,1407,46264,-3.88521
33,1260,1407,46284,-3.60695
33,1280,1407,46304,-4.25253
33,1300,1407,46324,-4.37728
33,1320,1407,46344,-4.23178
33,1340,1407,46364,-4.01975
33,1360,1407,46384,-4.07613
33,1380,1407,46404,-4.08521
33,1400,1407,46424,-3.80703
33,1407,1407,46431,-3.69662
34,20,1407,46451,-3.93336
34,40,1407,46471,-4.26592
34,60,1407,46491,-4.29225
34,80,1407,46511,-4.15164
34,100,1407,46531,-4.00677
34,120,1407,46551,-4.33029
34,140,1407,46571,-4.05421
34,160,1407,46591,-4.1798
34,180,1407,46611,-4.05747
34,200,1407,46631,-4.08248
34,220,1407,46651,-4.26296
34,240,1407,46671,-4.19896
34,260,1407,46691,-4.26392
34,280,1407,46711,-3.72739
34,300,1407,46731,-4.25641
34,320,1407,46751,-4.0122
34,340,1407,46771,-4.21095
34,360,1407,46791,-4.03378
34,380,1407,46811,-4.24884
34,400,1407,46831,-4.03527
34,420,1407,46851,-4.06054
34,440,1407,46871,-4.05733
34,460,1407,46891,-3.99743
34,480,1407,46911,-4.22097
34,500,1407,46931,-4.45977
34,520,1407,46951,-4.28589
34,540,1407,46971,-4.15394
34,560,1407,46991,-4.39445
34,580,1407,47011,-4.23875
34,600,1407,47031,-4.24397
34,620,1407,47051,-4.20354
34,640,1407,47071,-3.86968
34,660,1407,47091,-4.20234
34,680,1407,47111,-4.34462
34,700,1407,47131,-0.71766
34,720,1407,47151,-4.10238
34,740,1407,47171,-3.94044
34,760,1407,47191,-4.24788
34,780,1407,47211,-4.11953
34,800,1407,47231,-3.60444
34,820,1407,47251,-4.1559
34,840,1407,47271,-4.31708
34,860,1407,47291,-4.15015
34,880,1407,47311,-4.20932
34,900,1407,47331,-4.2996
34,920,1407,47351,-3.80296
34,940,1407,47371,-4.24385
34,960,1407,47391,-4.62397
34,980,1407,47411,-4.3504
34,1000,1407,47431,-3.9647
34,1020,1407,47451,-4.19033
34,1040,1407,47471,-3.97585
34,1060,1407,47491,7.21807
34,1080,1407,47511,-4.06092
34,1100,1407,47531,-3.96186
34,1120,1407,47551,-4.20396
34,1140,1407,47571,-4.39815
34,1160,1407,47591,-4.55094
34,1180,1407,47611,-4.14275
34,1200,1407,47631,-3.82972
34,1220,1407,47651,-4.18581
34,1240,1407,47671,-3.85403
34,1260,1407,47691,-4.46051
34,1280,1407,47711,-4.27316
34,1300,1407,47731,-4.18427
34,1320,1407,47751,-4.28245
34,1340,1407,47771,-4.1524
34,1360,1407,47791,-3.92022
34,1380,1407,47811,-4.15439
34,1400,1407,47831,-4.25501
34,1407,1407,47838,-4.01284
35,20,1407,47858,-4.28896
35,40,1407,47878,-3.956
35,60,1407,47898,-4.19174
35,80,1407,47918,-4.27146
35,100,1407,47938,-4.16731
35,120,1407,47958,-3.97339
35,140,1407,47978,-4.60433
35,160,1407,47998,-4.05247
35,180,1407,48018,-4.23244
35,200,1407,48038,-3.83785
35,220,1407,48058,-4.56847
35,240,1407,48078,-4.42769
35,260,1407,48098,-4.34215
35,280,1407,48118,-4.42171
35,300,1407,48138,-4.46976
35,320,1407,48158,-3.96281
35,340,1407,48178,-4.36435
35,360,1407,48198,-4.28287
35,380,1407,48218,-4.00947
35,400,1407,48238,-3.91469
35,420,1407,48258,-4.17801
35,440,1407,48278,-4.18273
35,460,1407,48298,-4.27441
35,480,1407,48318,-4.15679
35,500,1407,48338,-4.35084
35,520,1407,48358,-4.40917
35,540,1407,48378,-3.99122
35,560,1407,48398,-3.90791
35,580,1407,48418,-4.77728
35,600,1407,48438,-4.57054
35,620,1407,48458,-4.11943
35,640,1407,48478,-4.37122
35,660,1407,48498,-4.55869
35,680,1407,48518,-4.52408
35,700,1407,48538,-4.42439
35,720,1407,48558,-3.94465
35,740,1407,48578,-3.92477
35,760,1407,48598,-4.30422
35,780,1407,48618,-4.23149
35,800,1407,48638,-4.36331
35,820,1407,48658,-4.26105
35,840,1407,48678,-3.93873
35,860,1407,48698,-4.02703
35,880,1407,48718,-4.18122
35,900,1407,48738,-3.93891
35,920,1407,48758,-3.87615
35,940,1407,48778,-4.7151
35,960,1407,48798,-4.17494
35,980,1407,48818,-4.05996
35,1000,1407,48838,-4.2455
35,1020,1407,48858,-4.25809
35,1040,1407,48878,-3.72598
35,1060,1407,48898,-4.16891
35,1080,1407,48918,-4.21534
35,1100,1407,48938,-4.40273
35,1120,1407,48958,-3.95896
35,1140,1407,48978,-4.32012
35,1160,1407,48998,-3.91748
35,1180,1407,49018,-4.41401
35,1200,1407,49038,-3.86024
35,1220,1407,49058,-4.33045
35,1240,1407,49078,-4.54781
35,1260,1407,49098,-4.32984
35,1280,1407,49118,-4.96361
35,1300,1407,49138,-4.23363
35,1320,1407,49158,-4.53744
35,1340,1407,49178,-4.3068
35,1360,1407,49198,-4.46372
35,1380,1407,49218,-4.36149
35,1400,1407,49238,-4.1869
35,1407,1407,49245,-3.48104
36,20,1407,49265,-3.90959
36,40,1407,49285,-4.23397
36,60,1407,49305,-4.40849
36,80,1407,49325,-4.09097
36,100,1407,49345,-4.18022
36,120,1407,49365,-4.31858
36,140,1407,49385,-4.03481
36,160,1407,49405,-4.31241
36,180,1407,49425,-4.15812
36,200,1407,49445,-4.1485
36,220,1407,49465,-3.93771
36,240,1407,49485,-4.18086
36,260,1407,49505,-4.05497
36,280,1407,49525,-4.03363
36,300,1407,49545,-4.07844
36,320,1407,49565,-3.92629
36,340,1407,49585,-4.33714
36,360,1407,49605,-4.27815
36,380,1407,49625,-4.18533
36,400,1407,49645,-4.55655
36,420,1407,49665,-4.12527
36,440,1407,49685,-4.18531
36,460,1407,49705,-3.92495
36,480,1407,49725,-4.06759
36,500,1407,49745,-4.28378
36,520,1407,49765,-3.86362
36,540,1407,49785,-4.03813
36,560,1407,49805,-4.51478
36,580,1407,49825,-4.00215
36,600,1407,49845,-4.24145
36,620,1407,49865,-4.24875
36,640,1407,49885,-3.82844
36,660,1407,49905,-4.43408
36,680,1407,49925,-4.25195
36,700,1407,49945,-4.18253
36,720,1407,49965,-4.41821
36,740,1407,49985,-4.07801
36,760,1407,50005,-4.22828
36,780,1407,50025,-3.95275
36,800,1407,50045,-4.2534
36,820,1407,50065,-4.3204
36,840,1407,50085,-4.2754
36,860,1407,50105,-3.78537
36,880,1407,50125,-4.07554
36,900,1407,50145,-4.50635
36,920,1407,50165,-4.05665
36,940,1407,50185,-4.09322
36,960,1407,50205,-4.27563
36,980,1407,50225,-3.84013
36,1000,1407,50245,-4.53523
36,1020,1407,50265,-3.96186
36,1040,1407,50285,-3.99608
36,1060,1407,50305,-3.98424
36,1080,1407,50325,-4.30409
36,1100,1407,50345,-4.0024
36,1120,1407,50365,-3.84558
36,1140,1407,50385,-4.05827
36,1160,1407,50405,-4.14755
36,1180,1407,50425,-4.02772
36,1200,1407,50445,-4.37921
36,1220,1407,50465,-3.95123
36,1240,1407,50485,-4.82557
36,1260,1407,50505,-4.33853
36,1280,1407,50525,-4.41914
36,1300,1407,50545,-3.95421
36,1320,1407,50565,-4.0415
36,1340,1407,50585,-4.21864
36,1360,1407,50605,-4.45146
36,1380,1407,50625,-3.96463
36,1400,1407,50645,-4.00731
36,1407,1407,50652,-4.07061
37,20,1407,50672,-4.46558
37,40,1407,50692,-4.05371
37,60,1407,50712,-3.87592
37,80,1407,50732,-4.38287
37,100,1407,50752,-3.95842
37,120,1407,50772,-4.13642
37,140,1407,50792,-3.93739
37,160,1407,50812,-4.7584
37,180,1407,50832,-4.12638
37,200,1407,50852,-4.36467
37,220,1407,50872,-3.94351
37,240,1407,50892,-4.29143
37,260,1407,50912,-4.18667
37,280,1407,50932,-4.22211
37,300,1407,50952,-4.20319
37,320,1407,50972,-4.51589
37,340,1407,50992,-4.3387
37,360,1407,51012,-4.31777
37,380,1407,51032,-4.01573
37,400,1407,51052,-3.87627
37,420,1407,51072,-4.35658
37,440,1407,51092,-3.66653
37,460,1407,51112,-4.27071
37,480,1407,51132,-4.1954
37,500,1407,51152,-4.6284
37,520,1407,51172,-3.96967
37,540,1407,51192,-4.6338
37,560,1407,51212,-4.21482
37,580,1407,51232,-4.16632
37,600,1407,51252,-3.99563
37,620,1407,51272,-3.89555
37,640,1407,51292,-4.29585
37,660,1407,51312,-4.07703
37,680,1407,51332,-4.34816
37,700,1407,51352,-4.27654
37,720,1407,51372,-4.29518
37,740,1407,51392,-4.55266
37,760,1407,51412,-4.19431
37,780,1407,51432,-4.23751
37,800,1407,51452,-4.22863
37,820,1407,51472,-4.38482
37,840,1407,51492,-4.22957
37,860,1407,51512,-4.47205
37,880,1407,51532,-4.33319
37,900,1407,51552,-4.31223
37,920,1407,51572,-4.07734
37,940,1407,51592,-4.24795
37,960,1407,51612,-3.8159
37,980,1407,51632,-4.37437
37,1000,1407,51652,-3.79174
37,1020,1407,51672,-4.10709
37,1040,1407,51692,-3.94672
37,1060,1407,51712,-4.13446
37,1080,1407,51732,-4.29701
37,1100,1407,51752,-3.98842
37,1120,1407,51772,-4.23831
37,1140,1407,51792,-4.13425
37,1160,1407,51812,-4.72908
37,1180,1407,51832,-4.35238
37,1200,1407,51852,-4.43914
37,1220,1407,51872,-4.19429
37,1240,1407,51892,-4.49941
37,1260,1407,51912,-4.54449
37,1280,1407,51932,-4.41322
37,1300,1407,51952,-3.794
37,1320,1407,51972,-4.08438
37,1340,1407,51992,-4.40585
37,1360,1407,52012,-4.16794
37,1380,1407,52032,-4.26045
37,1400,1407,52052,-4.56933
37,1407,1407,52059,-3.45022
38,20,1407,52079,-4.2343
38,40,1407,52099,-4.54704
38,60,1407,52119,-3.96726
38,80,1407,52139,-3.98336
38,100,1407,52159,-3.93311
38,120,1407,52179,-4.39996
38,140,1407,52199,-4.24867
38,160,1407,52219,-4.46921
38,180,1407,52239,-4.34509
38,200,1407,52259,-4.60451
38,220,1407,52279,-3.81565
38,240,1407,52299,-4.11127
38,260,1407,52319,-3.62339
38,280,1407,52339,-4.05066
38,300,1407,52359,-3.94247
38,320,1407,52379,-4.39531
38,340,1407,52399,-4.45376
38,360,1407,52419,-4.47004
38,380,1407,52439,-3.94916
38,400,1407,52459,-3.97443
38,420,1407,52479,-4.18191
38,440,1407,52499,-4.22787
38,460,1407,52519,-3.99476
38,480,1407,52539,-4.26842
38,500,1407,52559,-4.2882
38,520,1407,52579,-3.8879
38,540,1407,52599,-4.07478
38,560,1407,52619,-4.43214
38,580,1407,52639,-4.47211
38,600,1407,52659,-4.47038
38,620,1407,52679,-3.98311
38,640,1407,52699,-3.6685
38,660,1407,52719,-4.60086
38,680,1407,52739,-4.06538
38,700,1407,52759,-4.40831
38,720,1407,52779,-4.07524
38,740,1407,52799,-4.15613
38,760,1407,52819,-4.26999
38,780,1407,52839,-4.59275
38,800,1407,52859,-3.80337
38,820,1407,52879,-4.53992
38,840,1407,52899,-4.37352
38,860,1407,52919,-4.27701
38,880,1407,52939,-4.48624
38,900,1407,52959,-4.51821
38,920,1407,52979,-4.10244
38,940,1407,52999,-4.16122
38,960,1407,53019,-4.00636
38,980,1407,53039,-4.14825
38,1000,1407,53059,-4.30775
38,1020,1407,53079,-4.30016
38,1040,1407,53099,-4.21648
38,1060,1407,53119,-4.34941
38,1080,1407,53139,-3.93072
38,1100,1407,53159,-3.99339
38,1120,1407,53179,-3.82021
38,1140,1407,53199,-4.26184
38,1160,1407,53219,-4.31798
38,1180,1407,53239,-4.35518
38,1200,1407,53259,-4.37704
38,1220,1407,53279,-4.22529
38,1240,1407,53299,-4.34533
38,1260,1407,53319,-4.43706
38,1280,1407,53339,-4.04722
38,1300,1407,53359,-4.1946
38,1320,1407,53379,-3.89898
38,1340,1407,53399,-3.94612
38,1360,1407,53419,-3.83186
38,1380,1407,53439,-4.09415
38,1400,1407,53459,-4.18676
38,1407,1407,53466,-4.07288
39,20,1407,53486,-4.10082
39,40,1407,53506,-4.4537
39,60,1407,53526,-4.22479
39,80,1407,53546,-4.3527
39,100,1407,53566,-3.94612
39,120,1407,53586,-4.18135
39,140,1407,53606,-4.20304
39,160,1407,53626,-4.4442
39,180,1407,53646,-3.86482
39,200,1407,53666,-4.56613
39,220,1407,53686,-4.45095
39,240,1407,53706,-3.84663
39,260,1407,53726,-4.6884
39,280,1407,53746,-4.19849
39,300,1407,53766,-4.55532
39,320,1407,53786,-4.16051
39,340,1407,53806,-4.30161
39,360,1407,53826,-4.36144
39,380,1407,53846,-3.73912
39,400,1407,53866,-4.36538
39,420,1407,53886,-4.54239
39,440,1407,53906,-4.06754
39,460,1407,53926,-4.02106
39,480,1407,53946,-4.31217
39,500,1407,53966,-4.34645
39,520,1407,53986,-4.23026
39,540,1407,54006,-4.17944
39,560,1407,54026,-4.49245
39,580,1407,54046,-4.13498
39,600,1407,54066,-4.05334
39,620,1407,54086,-4.2055
39,640,1407,54106,-4.32125
39,660,1407,54126,-4.1286
39,680,1407,54146,-4.38813
39,700,1407,54166,-4.28155
39,720,1407,54186,-4.01168
39,740,1407,54206,-4.25257
39,760,1407,54226,-4.79073
39,780,1407,54246,-4.65475
39,800,1407,54266,-3.86521
39,820,1407,54286,-3.46785
39,840,1407,54306,-4.56383
39,860,1407,54326,-4.30857
39,880,1407,54346,-4.12084
39,900,1407,54366,-4.52055
39,920,1407,54386,-4.26586
39,940,1407,54406,-4.76346
39,960,1407,54426,-4.3613
39,980,1407,54446,-4.16274
39,1000,1407,54466,-4.3685
39,1020,1407,54486,-4.33379
39,1040,1407,54506,-3.9343
39,1060,1407,54526,-4.52522
39,1080,1407,54546,-4.66164
39,1100,1407,54566,-4.17449
39,1120,1407,54586,-4.03399
39,1140,1407,54606,-3.98487
39,1160,1407,54626,-4.27161
39,1180,1407,54646,-4.41494
39,1200,1407,54666,-4.32804
39,1220,1407,54686,-4.07809
39,1240,1407,54706,-3.9807
39,1260,1407,54726,-4.22376
39,1280,1407,54746,-4.33083
39,1300,1407,54766,-4.43364
39,1320,1407,54786,-4.21169
39,1340,1407,54806,-4.48044
39,1360,1407,54826,-2.66223
39,1380,1407,54846,-3.966
39,1400,1407,54866,-4.14455
39,1407,1407,54873,-4.17957
40,20,1407,54893,-4.3567
40,40,1407,54913,-4.27593
40,60,1407,54933,-3.89936
40,80,1407,54953,-4.20407
40,100,1407,54973,-4.58346
40,120,1407,54993,-4.4232
40,140,1407,55013,-4.40345
40,160,1407,55033,-4.64742
40,180,1407,55053,-4.33917
40,200,1407,55073,-3.9283
40,220,1407,55093,-4.42248
40,240,1407,55113,-4.3958
40,260,1407,55133,-4.11068
40,280,1407,55153,-4.32159
40,300,1407,55173,-4.24834
40,320,1407,55193,-3.90517
40,340,1407,55213,-4.37452
40,360,1407,55233,-3.63947
40,380,1407,55253,-3.67068
40,400,1407,55273,-4.60667
40,420,1407,55293,-3.97824
40,440,1407,55313,-4.35645
40,460,1407,55333,-4.25497
40,480,1407,55353,-3.85182
40,500,1407,55373,-4.04645
40,520,1407,55393,-4.48572
40,540,1407,55413,-3.87394
40,560,1407,55433,-4.67027
40,580,1407,55453,-4.21753
40,600,1407,55473,-4.35423
40,620,1407,55493,-4.3192
40,640,1407,55513,-4.62081
40,660,1407,55533,-4.67205
40,680,1407,55553,-4.26025
40,700,1407,55573,-4.3015
40,720,1407,55593,-4.3891
40,740,1407,55613,-4.42144
40,760,1407,55633,-4.51123
40,780,1407,55653,-4.51286
40,800,1407,55673,-4.08082
40,820,1407,55693,-4.35956
40,840,1407,55713,-4.36309
40,860,1407,55733,-4.25071
40,880,1407,55753,-3.91787
40,900,1407,55773,-4.20233
40,920,1407,55793,-3.84096
40,940,1407,55813,-4.18571
40,960,1407,55833,-3.96262
40,980,1407,55853,-3.89328
40,1000,1407,55873,-4.46039
40,1020,1407,55893,-4.50179
40,1040,1407,55913,-3.98471
40,1060,1407,55933,-4.33558
40,1080,1407,55953,-4.75316
40,1100,1407,55973,-4.35218
40,1120,1407,55993,-4.21621
40,1140,1407,56013,-4.26193
40,1160,1407,56033,-4.05107
40,1180,1407,56053,-4.34983
40,1200,1407,56073,-4.6969
40,1220,1407,56093,-4.20659
40,1240,1407,56113,-4.43984
40,1260,1407,56133,-4.32718
40,1280,1407,56153,-4.45777
40,1300,1407,56173,-4.41435
40,1320,1407,56193,-4.44501
40,1340,1407,56213,-4.53493
40,1360,1407,56233,-4.01104
40,1380,1407,56253,-3.96803
40,1400,1407,56273,-4.32282
40,1407,1407,56280,-3.52016
41,20,1407,56300,-4.0863
41,40,1407,56320,-4.11474
41,60,1407,56340,-4.10306
41,80,1407,56360,-3.89051
41,100,1407,56380,-4.42651
41,120,1407,56400,-3.97403
41,140,1407,56420,-1.61127
41,160,1407,56440,-4.50241
41,180,1407,56460,-4.28628
41,200,1407,56480,-4.19784
41,220,1407,56500,-4.16979
41,240,1407,56520,-4.23482
41,260,1407,56540,-4.16472
41,280,1407,56560,-4.32497
41,300,1407,56580,-4.45721
41,320,1407,56600,-4.30118
41,340,1407,56620,-4.17547
41,360,1407,56640,-4.55721
41,380,1407,56660,-4.48879
41,400,1407,56680,-4.65149
41,420,1407,56700,-4.2737
41,440,1407,56720,-4.07129
41,460,1407,56740,-4.2132
41,480,1407,56760,-4.20324
41,500,1407,56780,-4.14903
41,520,1407,56800,-3.97059
41,540,1407,56820,-4.22951
41,560,1407,56840,-4.33632
41,580,1407,56860,-4.01171
41,600,1407,56880,-4.33005
41,620,1407,56900,-4.4259
41,640,1407,56920,-4.14078
41,660,1407,56940,-4.51481
41,680,1407,56960,-4.26598
41,700,1407,56980,-4.38539
41,720,1407,57000,-4.53841
41,740,1407,57020,-4.39499
41,760,1407,57040,-3.76375
41,780,1407,57060,-3.97112
41,800,1407,57080,-4.18266
41,820,1407,57100,-4.27755
41,840,1407,57120,-4.09305
41,860,1407,57140,-4.2341
41,880,1407,57160,-4.27812
41,900,1407,57180,-4.01708
41,920,1407,57200,-4.32635
41,940,1407,57220,-4.59661
41,960,1407,57240,-4.26365
41,980,1407,57260,-4.21568
41,1000,1407,57280,-4.35285
41,1020,1407,57300,-4.12299
41,1040,1407,57320,-3.92789
41,1060,1407,57340,-4.59503
41,1080,1407,57360,-4.22726
41,1100,1407,57380,-4.84227
41,1120,1407,57400,-3.92942
41,1140,1407,57420,-3.77266
41,1160,1407,57440,-4.22578
41,1180,1407,57460,-3.97894
41,1200,1407,57480,-3.95169
41,1220,1407,57500,-4.24993
41,1240,1407,57520,-4.25949
41,1260,1407,57540,-4.6726
41,1280,1407,57560,-4.11936
41,1300,1407,57580,-4.44713
41,1320,1407,57600,-4.4981
41,1340,1407,57620,-4.31421
41,1360,1407,57640,-4.45343
41,1380,1407,57660,-4.19268
41,1400,1407,57680,-3.98392
41,1407,1407,57687,-4.30318
42,20,1407,57707,-4.25623
42,40,1407,57727,-4.0219
42,60,1407,57747,-4.38744
42,80,1407,57767,-4.4521
42,100,1407,57787,-4.17737
42,120,1407,57807,-4.30788
42,140,1407,57827,-4.4048
42,160,1407,57847,-4.00124
42,180,1407,57867,-4.01576
42,200,1407,57887,-4.03821
42,220,1407,57907,-4.29116
42,240,1407,57927,-4.16417
42,260,1407,57947,-4.23769
42,280,1407,57967,-3.98798
42,300,1407,57987,-4.06338
42,320,1407,58007,-4.72755
42,340,1407,58027,-4.10099
42,360,1407,58047,-4.20993
42,380,1407,58067,-4.36074
42,400,1407,58087,-4.26869
42,420,1407,58107,-4.44278
42,440,1407,58127,-4.32197
42,460,1407,58147,-4.22461
42,480,1407,58167,-4.3393
42,500,1407,58187,-4.42624
42,520,1407,58207,-4.19819
42,540,1407,58227,-4.19822
42,560,1407,58247,-4.19535
42,580,1407,58267,-4.7074
42,600,1407,58287,-4.06761
42,620,1407,58307,-4.25844
42,640,1407,58327,-4.61658
42,660,1407,58347,-4.54145
42,680,1407,58367,-4.20927
42,700,1407,58387,-4.46171
42,720,1407,58407,-4.61578
42,740,1407,58427,-4.40994
42,760,1407,58447,-4.35945
42,780,1407,58467,-4.23868
42,800,1407,58487,-4.33708
42,820,1407,58507,-4.42992
42,840,1407,58527,-4.20332
42,860,1407,58547,-3.78756
42,880,1407,58567,-3.91913
42,900,1407,58587,-4.27162
42,920,1407,58607,-4.22934
42,940,1407,58627,-3.99175
42,960,1407,58647,-3.96503
42,980,1407,58667,-4.16762
42,1000,1407,58687,-3.92706
42,1020,1407,58707,-4.50529
42,1040,1407,58727,-4.22295
42,1060,1407,58747,-4.5573
42,1080,1407,58767,-3.91891
42,1100,1407,58787,-4.31049
42,1120,1407,58807,-4.31169
42,1140,1407,58827,-4.34559
42,1160,1407,58847,-4.29691
42,1180,1407,58867,-4.11719
42,1200,1407,58887,-4.27859
42,1220,1407,58907,-4.88209
42,1240,1407,58927,-4.26903
42,1260,1407,58947,-4.39837
42,1280,1407,58967,-4.13169
42,1300,1407,58987,-4.13362
42,1320,1407,59007,-4.67635
42,1340,1407,59027,-4.33744
42,1360,1407,59047,-4.33662
42,1380,1407,59067,-4.38266
42,1400,1407,59087,-4.4062
42,1407,1407,59094,-3.84355
43,20,1407,59114,-4.21529
43,40,1407,59134,-4.61187
43,60,1407,59154,-4.34266
43,80,1407,59174,-4.18461
43,100,1407,59194,-4.61498
43,120,1407,59214,-3.85272
43,140,1407,59234,-4.00362
43,160,1407,59254,-4.42113
43,180,1407,59274,-4.58262
43,200,1407,59294,-4.57719
43,220,1407,59314,-4.73205
43,240,1407,59334,-4.14801
43,260,1407,59354,-4.21889
43,280,1407,59374,-4.28596
43,300,1407,59394,-4.34331
43,320,1407,59414,-4.23845
43,340,1407,59434,-3.97724
43,360,1407,59454,-4.03997
43,380,1407,59474,-4.10392
43,400,1407,59494,-4.19247
43,420,1407,59514,-4.09819
43,440,1407,59534,-4.5362
43,460,1407,59554,-4.183
43,480,1407,59574,-4.42725
43,500,1407,59594,-4.1905
43,520,1407,59614,-4.25701
43,540,1407,59634,-4.1968
43,560,1407,59654,-3.95188
43,580,1407,59674,-4.23718
43,600,1407,59694,-3.79967
43,620,1407,59714,-4.1107
43,640,1407,59734,-4.55631
43,660,1407,59754,-4.35843
43,680,1407,59774,-4.16912
43,700,1407,59794,-4.19391
43,720,1407,59814,-4.00574
43,740,1407,59834,-4.02976
43,760,1407,59854,-4.07803
43,780,1407,59874,-4.30064
43,800,1407,59894,-4.36759
43,820,1407,59914,-4.44488
43,840,1407,59934,-4.16558
43,860,1407,59954,-4.51111
43,880,1407,59974,-3.88103
43,900,1407,59994,-4.07248
43,920,1407,60014,-4.70119
43,940,1407,60034,-4.58074
43,960,1407,60054,-4.37663
43,980,1407,60074,-3.85947
43,1000,1407,60094,-3.97259
43,1020,1407,60114,-4.18774
43,1040,1407,60134,-3.82335
43,1060,1407,60154,-3.92579
43,1080,1407,60174,-3.94275
43,1100,1407,60194,-4.46358
43,1120,1407,60214,-4.42266
43,1140,1407,60234,-4.10189
43,1160,1407,60254,-3.77049
43,1180,1407,60274,-4.2379
43,1200,1407,60294,-4.08038
43,1220,1407,60314,-4.40492
43,1240,1407,60334,-4.42697
43,1260,1407,60354,-4.22753
43,1280,1407,60374,-3.94474
43,1300,1407,60394,-4.23254
43,1320,1407,60414,-4.12076
43,1340,1407,60434,-4.33399
43,1360,1407,60454,-4.24205
43,1380,1407,60474,-4.29016
43,1400,1407,60494,-4.4173
43,1407,1407,60501,-4.3991
44,20,1407,60521,-4.22339
44,40,1407,60541,-3.88965
44,60,1407,60561,-4.40398
44,80,1407,60581,-4.5695
44,100,1407,60601,-4.52807
44,120,1407,60621,-4.06051
44,140,1407,60641,-4.03854
44,160,1407,60661,-4.95539
44,180,1407,60681,-4.24807
44,200,1407,60701,-4.29396
44,220,1407,60721,-4.35406
44,240,1407,60741,-4.06342
44,260,1407,60761,-3.40378
44,280,1407,60781,-4.49878
44,300,1407,60801,-4.76541
44,320,1407,60821,-4.13862
44,340,1407,60841,-4.21223
44,360,1407,60861,-4.09622
44,380,1407,60881,-4.27072
44,400,1407,60901,-4.5435
44,420,1407,60921,-4.44874
44,440,1407,60941,-3.78043
44,460,1407,60961,-4.14558
44,480,1407,60981,-3.80357
44,500,1407,61001,-3.95919
44,520,1407,61021,-4.43733
44,540,1407,61041,-4.43032
44,560,1407,61061,-4.22192
44,580,1407,61081,-4.53724
44,600,1407,61101,-4.37925
44,620,1407,61121,-4.64746
44,640,1407,61141,-4.39815
44,660,1407,61161,-4.11919
44,680,1407,61181,-4.1157
44,700,1407,61201,-4.25384
44,720,1407,61221,-4.13878
44,740,1407,61241,-4.14151
44,760,1407,61261,-4.10075
44,780,1407,61281,-4.27424
44,800,1407,61301,-4.59622
44,820,1407,61321,-4.2433
44,840,1407,61341,-4.68421
44,860,1407,61361,-4.41725
44,880,1407,61381,-4.53072
44,900,1407,61401,-4.30466
44,920,1407,61421,-4.32282
44,940,1407,61441,-4.40454
44,960,1407,61461,-4.14244
44,980,1407,61481,-4.35733
44,1000,1407,61501,-4.69113
44,1020,1407,61521,-4.1814
44,1040,1407,61541,-4.3149
44,1060,1407,61561,-4.80476
44,1080,1407,61581,-4.36593
44,1100,1407,61601,-4.43318
44,1120,1407,61621,-4.22094
44,1140,1407,61641,-4.26223
44,1160,1407,61661,-4.85111
44,1180,1407,61681,-4.64665
44,1200,1407,61701,-4.5245
44,1220,1407,61721,-4.27409
44,1240,1407,61741,-4.37017
44,1260,1407,61761,-4.58314
44,1280,1407,61781,-4.19705
44,1300,1407,61801,-4.04707
44,1320,1407,61821,-4.18499
44,1340,1407,61841,-3.93154
44,1360,1407,61861,-4.21545
44,1380,1407,61881,-4.39315
44,1400,1407,61901,-4.08866
44,1407,1407,61908,-4.97973
45,20,1407,61928,-4.0286
45,40,1407,61948,-3.10094
45,60,1407,61968,-4.10029
45,80,1407,61988,-4.13764
45,100,1407,62008,-4.52344
45,120,1407,62028,-3.97747
45,140,1407,62048,-4.23925
45,160,1407,62068,-4.55736
45,180,1407,62088,-3.98931
45,200,1407,62108,-4.61186
45,220,1407,62128,-4.47139
45,240,1407,62148,-4.42812
45,260,1407,62168,-4.23151
45,280,1407,62188,-4.25158
45,300,1407,62208,-4.31511
45,320,1407,62228,-4.18176
45,340,1407,62248,-4.26717
45,360,1407,62268,-4.52209
45,380,1407,62288,-4.26443
45,400,1407,62308,-3.80441
45,420,1407,62328,-4.30025
45,440,1407,62348,-4.33496
45,460,1407,62368,-4.1598
45,480,1407,62388,-4.3233
45,500,1407,62408,-4.37557
45,520,1407,62428,-3.95066
45,540,1407,62448,-4.17796
45,560,1407,62468,-4.24168
45,580,1407,62488,-4.10003
45,600,1407,62508,-4.27605
45,620,1407,62528,-4.38252
45,640,1407,62548,-4.03386
45,660,1407,62568,-4.77516
45,680,1407,62588,-4.75523
45,700,1407,62608,-4.19608
45,720,1407,62628,-4.11894
45,740,1407,62648,-4.59327
45,760,1407,62668,-4.44414
45,780,1407,62688,-4.16318
45,800,1407,62708,-4.08676
45,820,1407,62728,-4.33953
45,840,1407,62748,-4.28053
45,860,1407,62768,-4.4062
45,880,1407,62788,-4.48814
45,900,1407,62808,-4.36647
45,920,1407,62828,-4.20816
45,940,1407,62848,-4.22322
45,960,1407,62868,-4.44443
45,980,1407,62888,-4.81789
45,1000,1407,62908,-4.33138
45,1020,1407,62928,-4.19742
45,1040,1407,62948,-4.50227
45,1060,1407,62968,-4.41374
45,1080,1407,62988,-4.46967
45,1100,1407,63008,-4.02796
45,1120,1407,63028,-4.4879
45,1140,1407,63048,-3.75975
45,1160,1407,63068,-4.50924
45,1180,1407,63088,-4.46996
45,1200,1407,63108,-4.825
45,1220,1407,63128,-3.91911
45,1240,1407,63148,-4.33273
45,1260,1407,63168,-4.30627
45,1280,1407,63188,-4.3069
45,1300,1407,63208,-4.15083
45,1320,1407,63228,-4.36392
45,1340,1407,63248,-4.12173
45,1360,1407,63268,-3.91138
45,1380,1407,63288,-4.16771
45,1400,1407,63308,-4.41336
45,1407,1407,63315,-5.04103
46,20,1407,63335,-4.17461
46,40,1407,63355,-4.63183
46,60,1407,63375,-4.50664
46,80,1407,63395,-4.1742
46,100,1407,63415,-4.2528
46,120,1407,63435,-4.40831
46,140,1407,63455,-4.19051
46,160,1407,63475,-4.77725
46,180,1407,63495,-4.61408
46,200,1407,63515,-4.24732
46,220,1407,63535,-4.3159
46,240,1407,63555,-4.06552
46,260,1407,63575,-4.4231
46,280,1407,63595,-4.45221
46,300,1407,63615,-4.0248
46,320,1407,63635,-3.99488
46,340,1407,63655,-4.53678
46,360,1407,63675,-4.11428
46,380,1407,63695,-4.40177
46,400,1407,63715,-4.20438
46,420,1407,63735,-4.51029
46,440,1407,63755,-4.34413
46,460,1407,63775,-4.16999
46,480,1407,63795,-4.49126
46,500,1407,63815,-4.08603
46,520,1407,63835,-4.19458
46,540,1407,63855,-4.57537
46,560,1407,63875,-4.19288
46,580,1407,63895,-4.72187
46,600,1407,63915,-4.62809
46,620,1407,63935,-4.14651
46,640,1407,63955,-4.18311
46,660,1407,63975,-3.84308
46,680,1407,63995,-4.16919
46,700,1407,64015,-4.04924
46,720,1407,64035,-4.18871
46,740,1407,64055,-4.23831
46,760,1407,64075,-4.52136
46,780,1407,64095,-4.2285
46,800,1407,64115,-3.83776
46,820,1407,64135,-4.34271
46,840,1407,64155,-4.21263
46,860,1407,64175,-4.43481
46,880,1407,64195,-4.49102
46,900,1407,64215,-3.7134
46,920,1407,64235,-4.41141
46,940,1407,64255,-3.911
46,960,1407,64275,-4.21372
46,980,1407,64295,-4.47051
46,1000,1407,64315,-4.79875
46,1020,1407,64335,-4.52279
46,1040,1407,64355,-4.43944
46,1060,1407,64375,-4.68016
46,1080,1407,64395,-4.38826
46,1100,1407,64415,-4.06036
46,1120,1407,64435,-4.61338
46,1140,1407,64455,-4.12224
46,1160,1407,64475,-4.12179
46,1180,1407,64495,-4.36299
46,1200,1407,64515,-4.55826
46,1220,1407,64535,-3.66708
46,1240,1407,64555,-4.33846
46,1260,1407,64575,-4.3083
46,1280,1407,64595,-4.6454
46,1300,1407,64615,-4.42419
46,1320,1407,64635,-4.04132
46,1340,1407,64655,-4.05526
46,1360,1407,64675,-4.49364
46,1380,1407,64695,-4.46639
46,1400,1407,64715,-4.34842
46,1407,1407,64722,-3.90475
47,20,1407,64742,-4.86358
47,40,1407,64762,-4.51181
47,60,1407,64782,-4.64318
47,80,1407,64802,-4.30154
47,100,1407,64822,-4.77239
47,120,1407,64842,-4.87245
47,140,1407,64862,-4.25809
47,160,1407,64882,-4.42112
47,180,1407,64902,-4.71518
47,200,1407,64922,-4.36257
47,220,1407,64942,-4.07785
47,240,1407,64962,-4.241
47,260,1407,64982,-4.47345
47,280,1407,65002,-4.77784
47,300,1407,65022,-4.34736
47,320,1407,65042,-4.15026
47,340,1407,65062,-4.13058
47,360,1407,65082,-3.96335
47,380,1407,65102,-4.18458
47,400,1407,65122,-4.2316
47,420,1407,65142,-4.328
47,440,1407,65162,-3.93021
47,460,1407,65182,-4.30851
47,480,1407,65202,-4.34413
47,500,1407,65222,-3.8848
47,520,1407,65242,-4.58836
47,540,1407,65262,-4.18804
47,560,1407,65282,-4.31501
47,580,1407,65302,-4.64193
47,600,1407,65322,-4.19022
47,620,1407,65342,-4.12022
47,640,1407,65362,-4.52805
47,660,1407,65382,-4.32914
47,680,1407,65402,-4.31838
47,700,1407,65422,-3.93308
47,720,1407,65442,-4.17899
47,740,1407,65462,-4.16171
47,760,1407,65482,-4.30575
47,780,1407,65502,-4.2071
47,800,1407,65522,-4.50561
47,820,1407,65542,-4.18436
47,840,1407,65562,-4.27568
47,860,1407,65582,-4.15136
47,880,1407,65602,-4.12156
47,900,1407,65622,-5.04433
47,920,1407,65642,-4.66007
47,940,1407,65662,-4.2786
47,960,1407,65682,-4.4748
47,980,1407,65702,-4.18711
47,1000,1407,65722,-4.07859
47,1020,1407,65742,-4.38175
47,1040,1407,65762,-4.26823
47,1060,1407,65782,-4.46456
47,1080,1407,65802,-4.4157
47,1100,1407,65822,-4.50365
47,1120,1407,65842,-4.08412
47,1140,1407,65862,-4.35399
47,1160,1407,65882,-4.23556
47,1180,1407,65902,-4.34362
47,1200,1407,65922,-4.5053
47,1220,1407,65942,-4.69759
47,1240,1407,65962,-4.70392
47,1260,1407,65982,-4.29608
47,1280,1407,66002,-4.43042
47,1300,1407,66022,-4.15679
47,1320,1407,66042,-4.59513
47,1340,1407,66062,-3.94683
47,1360,1407,66082,-4.08417
47,1380,1407,66102,-4.519
47,1400,1407,66122,-4.42138
47,1407,1407,66129,-5.04334
48,20,1407,66149,-4.17725
48,40,1407,66169,-4.71513
48,60,1407,66189,-4.49809
48,80,1407,66209,-4.58045
48,100,1407,66229,-4.00552
48,120,1407,66249,-4.10686
48,140,1407,66269,-4.57694
48,160,1407,66289,-4.28936
48,180,1407,66309,-4.61094
48,200,1407,66329,-3.86421
48,220,1407,66349,-4.05232
48,240,1407,66369,-4.41211
48,260,1407,66389,-4.40283
48,280,1407,66409,-4.5688
48,300,1407,66429,-4.52444
48,320,1407,66449,-4.66427
48,340,1407,66469,-4.67726
48,360,1407,66489,-4.17662
48,380,1407,66509,-4.81166
48,400,1407,66529,-4.48121
48,420,1407,66549,-4.0626
48,440,1407,66569,-4.2623
48,460,1407,66589,-4.02197
48,480,1407,66609,-4.38503
48,500,1407,66629,-4.60556
48,520,1407,66649,-4.10749
48,540,1407,66669,-1.57742
48,560,1407,66689,-4.63428
48,580,1407,66709,-4.48925
48,600,1407,66729,-3.90342
48,620,1407,66749,-4.25685
48,640,1407,66769,-3.92669
48,660,1407,66789,-4.12276
48,680,1407,66809,-4.46539
48,700,1407,66829,-4.26873
48,720,1407,66849,-4.41516
48,740,1407,66869,-4.11458
48,760,1407,66889,-4.2471
48,780,1407,66909,-4.16482
48,800,1407,66929,-4.37787
48,820,1407,66949,-4.30081
48,840,1407,66969,-3.90282
48,860,1407,66989,-4.31004
48,880,1407,67009,-4.44257
48,900,1407,67029,-4.18749
48,920,1407,67049,-4.46233
48,940,1407,67069,-4.65856
48,960,1407,67089,-4.72907
48,980,1407,67109,-4.86172
48,1000,1407,67129,-4.17988
48,1020,1407,67149,-4.25148
48,1040,1407,67169,-4.37209
48,1060,1407,67189,-4.08619
48,1080,1407,67209,-4.3937
48,1100,1407,67229,-4.19304
48,1120,1407,67249,-4.70432
48,1140,1407,67269,-3.83319
48,1160,1407,67289,-4.30365
48,1180,1407,67309,-4.13181
48,1200,1407,67329,-3.85232
48,1220,1407,67349,-4.33285
48,1240,1407,67369,-4.09062
48,1260,1407,67389,-3.94534
48,1280,1407,67409,-4.14525
48,1300,1407,67429,-4.51663
48,1320,1407,67449,-4.19512
48,1340,1407,67469,-4.30447
48,1360,1407,67489,-4.15193
48,1380,1407,67509,-4.0291
48,1400,1407,67529,-4.02966
48,1407,1407,67536,-3.9379
49,20,1407,67556,-4.58021
49,40,1407,67576,-4.26477
49,60,1407,67596,-4.56647
49,80,1407,67616,-4.57606
49,100,1407,67636,-4.18488
49,120,1407,67656,-4.07915
49,140,1407,67676,-4.65263
49,160,1407,67696,-3.77297
49,180,1407,67716,-4.35553
49,200,1407,67736,-4.21843
49,220,1407,67756,-4.26947
49,240,1407,67776,-5.08031
49,260,1407,67796,-4.40852
49,280,1407,67816,-4.50417
49,300,1407,67836,-4.37145
49,320,1407,67856,-4.20147
49,340,1407,67876,-4.79299
49,360,1407,67896,-4.30551
49,380,1407,67916,-4.10887
49,400,1407,67936,-4.80968
49,420,1407,67956,-4.71585
49,440,1407,67976,-4.67584
49,460,1407,67996,-4.33397
49,480,1407,68016,-4.60218
49,500,1407,68036,-4.48356
49,520,1407,68056,-4.63762
49,540,1407,68076,-1.78224
49,560,1407,68096,-4.30579
49,580,1407,68116,-4.57137
49,600,1407,68136,-4.25216
49,620,1407,68156,-4.13426
49,640,1407,68176,-4.43671
49,660,1407,68196,-4.65322
49,680,1407,68216,-4.18412
49,700,1407,68236,-4.22595
49,720,1407,68256,-4.45999
49,740,1407,68276,-4.18858
49,760,1407,68296,-4.52499
49,780,1407,68316,-4.62853
49,800,1407,68336,-3.78515
49,820,1407,68356,-4.01834
49,840,1407,68376,-4.37534
49,860,1407,68396,-4.38015
49,880,1407,68416,-4.56058
49,900,1407,68436,-4.48405
49,920,1407,68456,-4.41292
49,940,1407,68476,-4.36772
49,960,1407,68496,-4.09449
49,980,1407,68516,-4.41368
49,1000,1407,68536,-4.58615
49,1020,1407,68556,-4.47714
49,1040,1407,68576,-4.21905
49,1060,1407,68596,-4.38639
49,1080,1407,68616,-4.22351
49,1100,1407,68636,-4.54637
49,1120,1407,68656,-4.4107
49,1140,1407,68676,-4.4118
49,1160,1407,68696,-4.00569
49,1180,1407,68716,-4.69366
49,1200,1407,68736,-4.02484
49,1220,1407,68756,-4.23417
49,1240,1407,68776,-4.60413
49,1260,1407,68796,-1.61137
49,1280,1407,68816,-4.23438
49,1300,1407,68836,-4.39837
49,1320,1407,68856,-4.35886
49,1340,1407,68876,-4.43783
49,1360,1407,68896,-4.30509
49,1380,1407,68916,-4.2274
49,1400,1407,68936,-4.23982
49,1407,1407,68943,-4.71679
50,20,1407,68963,-4.03992
50,40,1407,68983,-4.80166
50,60,1407,69003,-4.45679
50,80,1407,69023,-4.37979
50,100,1407,69043,-4.52924
50,120,1407,69063,-4.15937
50,140,1407,69083,-3.96755
50,160,1407,69103,-4.36455
50,180,1407,69123,-3.99762
50,200,1407,69143,-4.2316
50,220,1407,69163,-4.32261
50,240,1407,69183,-3.87786
50,260,1407,69203,-4.88814
50,280,1407,69223,-4.3553
50,300,1407,69243,-4.31094
50,320,1407,69263,-4.60763
50,340,1407,69283,-4.27749
50,360,1407,69303,-4.09571
50,380,1407,69323,-4.88503
50,400,1407,69343,-4.20515
50,420,1407,69363,-4.50271
50,440,1407,69383,-4.51539
50,460,1407,69403,-4.41697
50,480,1407,69423,-4.27669
50,500,1407,69443,-4.30774
50,520,1407,69463,-4.09602
50,540,1407,69483,-4.5499
50,560,1407,69503,-4.58167
50,580,1407,69523,-4.24551
50,600,1407,69543,-4.38026
50,620,1407,69563,-4.22388
50,640,1407,69583,-4.36315
50,660,1407,69603,-4.35589
50,680,1407,69623,-4.14085
50,700,1407,69643,-3.99345
50,720,1407,69663,-5.01724
50,740,1407,69683,-4.25082
50,760,1407,69703,-4.49139
50,780,1407,69723,-4.74836
50,800,1407,69743,-4.40806
50,820,1407,69763,-4.59342
50,840,1407,69783,-4.04063
50,860,1407,69803,-3.95737
50,880,1407,69823,-4.65258
50,900,1407,69843,-4.52475
50,920,1407,69863,-4.23857
50,940,1407,69883,-4.46046
50,960,1407,69903,-4.71021
50,980,1407,69923,-4.08133
50,1000,1407,69943,-4.28037
50,1020,1407,69963,-4.46014
50,1040,1407,69983,-4.18513
50,1060,1407,70003,-4.2342
50,1080,1407,70023,-4.7243
50,1100,1407,70043,-4.62874
50,1120,1407,70063,-4.15183
50,1140,1407,70083,-4.33973
50,1160,1407,70103,-4.0425
50,1180,1407,70123,-4.11111
50,1200,1407,70143,-4.37079
50,1220,1407,70163,-4.05454
50,1240,1407,70183,-4.33425
50,1260,1407,70203,-4.49711
50,1280,1407,70223,-4.29336
50,1300,1407,70243,-4.38155
50,1320,1407,70263,-4.40384
50,1340,1407,70283,-4.55408
50,1360,1407,70303,-4.51524
50,1380,1407,70323,-4.41674
50,1400,1407,70343,-4.54348
50,1407,1407,70350,-3.96096
